planet_name,planet_mass,planet_radius,star_name,star_distance_to_us (pc),star_mass,star_radius,star_sp_type,has_atmospere
Earth,0.00314558,0.08921,Sun,0.00000484,1,1,G,YES
Mercury,0.000173910112,0.0341263728,Sun,0.00000484,1,1,G,YES
Venus,0.00256427115,0.08464961232,Sun,0.00000484,1,1,G,YES
Mars,0.000338065886,0.0474077448,Sun,0.00000484,1,1,G,YES
Jupiter,1,1,Sun,0.00000484,1,1,G,YES
51 Peg b,0.47,1.9,51 Peg,14.7,1.11,1.266,G2 IV,
55 Cnc b,0.84,,55 Cnc,12.34,1.015,0.98,K0IV-V,
55 Cnc e,0.02703,0.1737,55 Cnc,12.34,1.015,0.98,K0IV-V,
70I-469 c,0.0142,0.141,TOI-469,68.192,0.91,1.0,,
AU Mic b,0.116,0.4571,AU Mic,9.79,0.5,0.75,M1V,
AU Mic c,0.101,0.28,AU Mic,9.79,0.5,0.75,M1V,
AU Mic d,0.003187,,AU Mic,9.79,0.5,0.75,M1V,
BD+20 594 b,0.07,0.23,BD+20 594,180.39,1.67,1.08,G,
BLG-1691L b,0.046,,OGLE-2017-BLG-1691L,7290.0,0.45,,,
CD Cet b,0.01244,,CD Cet,8.609,0.161,0.175,M5.0,
CoRoT-12 b,0.917,1.44,CoRoT-12,1150.0,1.078,1.116,G2V,
CoRoT-16 b,0.535,1.17,CoRoT-16,840.0,1.098,1.19,G5V,
CoRoT-22 b,0.06,0.4354,CoRoT-22,592.0,1.099,1.136,G0IV,
CoRoT-24 b,0.018,0.33,CoRoT-24,600.0,0.91,0.86,K1V,
CoRoT-24 c,0.088,0.44,CoRoT-24,600.0,0.91,0.86,K1V,
CoRoT-25 b,0.27,1.08,CoRoT-25,1000.0,1.09,1.19,G0V,
CoRoT-26 b,0.52,1.26,CoRoT-26,1670.0,1.09,1.79,G8IV,
CoRoT-29 b,0.85,0.9,CoRoT-29,765.0,0.976,0.9,KOV,
CoRoT-31 b,0.84,1.46,CoRoT-31,2190.0,1.25,2.15,G2IV,
CoRoT-32 b,0.15,0.57,CoRoT-32,,1.09,0.79,G0VI,
CoRoT-36 b,0.68,1.41,CoRoT-36,954.0,1.32,1.52,,
CoRoT-4 b,0.72,1.19,CoRoT-4,,1.1,1.15,F8V,
CoRoT-5 b,0.467,1.33,CoRoT-5,400.0,1.0,1.186,F9V,
CoRoT-7 b,0.041812,0.136,CoRoT-7,150.0,0.93,0.87,K0V,
CoRoT-8 b,0.2158,0.5692,CoRoT-8,380.0,0.88,0.77,K1V,
CoRoT-9 b,0.84,0.94,CoRoT-9,460.0,0.99,0.94,G3V,
DS Tuc A b,0.0453,0.5085,DS Tuc A,44.12,0.959,0.872,G6V,
EPIC 201295312 b,0.0379,0.245,K2-44,483.19,1.15,1.58,,
EPIC 205084841 b,0.3883,1.561,EPIC 205084841,860.4,1.168,1.313,,
EPIC 211442297 b,0.84,1.115,K2-115,418.58,0.95,0.88,G4,
EPIC 211945201 b,0.085,0.514,EPIC 211945201,182.69,1.17,1.39,G0,
EPIC 212737443 b,0.02907,0.231,EPIC 212737443,347.45,0.69,0.67,K3,
EPIC 212737443 c,0.0303,0.24,EPIC 212737443,347.45,0.69,0.67,K3,
EPIC 246193072 b,0.26,0.774,EPIC 246193072,230.4,0.901,0.822,,
Exomoon Kepler-1708 b-i,0.116,0.2329,Kepler-1708,1667.0,1.088,1.117,,
G 9-40 b,0.013,0.17,G 9-40,27.93,0.29,0.31,M2.5 V,
GJ 1018 b,0.00843,0.1356,GJ 1018,22.075,0.427,0.428,M2,
GJ 1132 b,0.00522,0.1035,GJ 1132,12.04,0.181,0.207,M3.5,
GJ 1214 b,0.02571,0.24463,GJ 1214,13.0,0.15,0.216,M,
GJ 1252 b,0.00415,0.1053,GJ 1252,20.38,0.381,0.391,,
GJ 143 b,0.0714,0.2329,GJ 143,16.33,0.76,0.73,K4.5V,
GJ 143 c,0.01164,0.07958,GJ 143,16.33,0.76,0.73,K4.5V,
GJ 273 b,0.00922,,GJ 273,3.8,0.29,0.293,M3.5,
GJ 273 c,0.00374,,GJ 273,3.8,0.29,0.293,M3.5,
GJ 273 d,0.03448,,GJ 273,3.8,0.29,0.293,M3.5,
GJ 273 e,0.0297,,GJ 273,3.8,0.29,0.293,M3.5,
GJ 3090 b,0.01051,0.19,GJ 3090,22.444,0.519,0.516,,
GJ 3470 b,0.03958,0.37380742940036,GJ 3470,30.7,0.51,0.48,M1.5,
GJ 3473 b,0.00585,0.11277,GJ 3473,27.39,0.36,0.364,M4V,
GJ 357 b,0.006566,0.10411,GJ 357,9.444,0.342,0.337,M2.5 V,
GJ 3634 b,0.026,,GJ 3634,19.8,0.45,0.43,M2.5,
GJ 367  b,0.001718,0.0526,GJ 367,9.41,0.454,0.457,M1,
GJ 3929 b,0.00381,0.1026,GJ 3929,15.83,0.309,0.35,M3.5V,
GJ 436 b,0.07,0.38,GJ 436,10.2,0.452,0.464,M2.5,
GJ 486 b,0.00887,0.11643,GJ 486,8.0761,0.323,0.328,M3.5V,
GJ 876 d,0.021741,,GJ 876,4.7,0.334,0.36,M4 V,
GJ 876 e,0.04855,,GJ 876,4.7,0.334,0.36,M4 V,
GJ 9827 b,0.01532,0.13641,GJ 9827,30.3,0.659,0.651,K6V,
GJ 9827 c,0.00604,0.107,GJ 9827,30.3,0.659,0.651,K6V,
GJ 9827 d,0.01076,0.17441,GJ 9827,30.3,0.659,0.651,K6V,
GQ Lup b,0.013,1.8,GQ Lup,140.0,0.7,,K7eV,
Gaia-2 b,0.773,1.327,Gaia-2,207.2,1.0,1.064,,
Gaia22dkv b,0.5,,Gaia22dkv,1350.0,1.24,,,
HAT-P-1 b,0.525,1.319,HAT-P-1,139.0,1.151,1.174,GOV,
HAT-P-10 A b,0.46,1.045,HAT-P-10 A,125.0,0.82,0.81,K3V,
HAT-P-11 b,0.0736,0.389,HAT-P-11,37.89,0.809,0.683,K4,
HAT-P-12 b,0.210489884529,0.949,HAT-P-12,142.5,0.73,0.7,,
HAT-P-13 b,0.85,1.28,HAT-P-13,214.0,1.22,1.56,G4,
HAT-P-17 b,0.534,1.01,HAT-P-17,90.0,0.857,0.837,K,
HAT-P-18 b,0.183,0.947,HAT-P-18,166.0,0.77,0.717,K,
HAT-P-19 b,0.292,1.132,HAT-P-19,215.0,0.842,0.82,K,
HAT-P-24 b,0.685,1.242,HAT-P-24,405.0,1.191,1.317,F8,
HAT-P-25 b,0.567,1.19,HAT-P-25,297.0,1.01,0.959,G5,
HAT-P-26 b,0.0585,0.57,HAT-P-26,134.0,0.816,0.788,K1,
HAT-P-27 b,0.66,1.055,HAT-P-27,204.0,0.945,0.898,G8,
HAT-P-28 b,0.626,1.212,HAT-P-28,395.0,1.025,1.103,G3,
HAT-P-29 b,0.778,1.107,HAT-P-29,322.0,1.207,1.224,F8,
HAT-P-3 b,0.591,0.827,HAT-P-3,130.0,0.917,0.799,K,
HAT-P-30 b,0.711,1.34,HAT-P-30,193.0,1.18,1.33,F,
HAT-P-32 b,0.75,1.789,HAT-P-32,320.0,1.176,1.387,F/G,
HAT-P-33 b,0.763,1.827,HAT-P-33,419.0,1.403,1.777,F,
HAT-P-38 b,0.267,0.825,HAT-P-38,249.0,0.886,0.923,G,
HAT-P-39 b,0.599,1.571,HAT-P-39,642.0,1.404,1.625,,
HAT-P-4 b,0.68,1.27,HAT-P-4,310.0,1.26,1.59,F,
HAT-P-40 b,0.615,1.73,HAT-P-40,501.0,1.512,2.206,,
HAT-P-41 b,0.8,1.685,HAT-P-41,344.0,1.28,1.19,,
HAT-P-42 b,0.975,1.277,HAT-P-42,447.0,1.179,1.528,,
HAT-P-43 b,0.66,1.283,HAT-P-43,543.0,1.048,1.104,,
HAT-P-44 b,0.392,1.28,HAT-P-44,374.0,0.939,0.979,,
HAT-P-45 b,0.892,1.426,HAT-P-45,305.0,1.259,1.319,,
HAT-P-46 b,0.493,1.284,HAT-P-46,296.0,1.284,1.396,,
HAT-P-47 b,0.206,1.313,HAT-P-47,268.0,1.387,1.515,,
HAT-P-48 b,0.168,1.131,HAT-P-48,305.0,1.099,1.223,,
HAT-P-51 b,0.309,1.293,HAT-P-51,470.0,0.976,1.041,,
HAT-P-52 b,0.819,1.009,HAT-P-52,385.0,0.887,0.893,,
HAT-P-54 b,0.76,0.944,HAT-P-54,135.8,0.645,0.617,K,
HAT-P-55 b,0.582,1.182,HAT-P-55,480.0,1.013,1.011,,
HAT-P-58 b,0.372,1.332,HAT-P-58,519.0,1.031,1.53,,
HAT-P-60 b,0.574,1.631,HAT-P-60,235.4,1.435,2.197,,
HAT-P-62 b,0.761,1.073,HAT-P-62,353.1,1.023,1.17,,
HAT-P-63 b,0.614,1.119,HAT-P-63,408.0,0.925,0.9661,,
HAT-P-64 b,0.58,1.703,HAT-P-64,635.0,1.298,1.735,,
HAT-P-65 b,0.527,1.89,HAT-P-65,841.0,1.212,1.86,,
HAT-P-66 b,0.783,1.59,HAT-P-66,927.0,1.255,1.881,,
HAT-P-67 b,0.34,2.085,HAT-P-67,320.0,1.642,1.546,F,
HAT-P-68 b,0.724,1.072,HAT-P-68,202.0,0.6785,0.67,,
HAT-P-9 b,0.67,1.4,HAT-P-9,480.0,1.28,1.32,F,
HATS-10 b,0.526,0.969,HATS-10,496.0,1.1,1.105,,
HATS-11 b,0.85,1.609,HATS-11,967.34,1.33,1.54,G0,
HATS-13 b,0.543,1.212,HATS-13,476.0,0.962,0.887,,
HATS-19 b,0.427,1.66,HATS-19,780.0,1.303,1.74,G0,
HATS-20 b,0.273,0.776,HATS-20,454.0,0.91,0.892,G9V,
HATS-21 b,0.332,1.123,HATS-21,286.0,1.08,1.021,G4V,
HATS-25 b,0.613,1.26,HATS-25,466.0,0.994,1.107,G,
HATS-26 b,0.65,1.75,HATS-26,907.0,1.299,2.04,F,
HATS-27 b,0.53,1.5,HATS-27,840.0,1.415,1.74,F,
HATS-28 b,0.672,1.194,HATS-28,521.0,0.929,0.922,G,
HATS-29 b,0.653,1.251,HATS-29,351.0,1.032,1.073,G,
HATS-30 b,0.706,1.175,HATS-30,339.0,1.093,1.061,,
HATS-31 b,0.88,1.64,HATS-31,872.0,1.275,1.87,,
HATS-32 b,0.92,1.249,HATS-32,839.0,1.099,1.097,,
HATS-34 b,0.941,1.43,HATS-34,532.0,0.955,0.98,,
HATS-37A b,0.099,0.606,HATS-37A,211.1,0.843,0.877,,
HATS-38 b,0.074,0.614,HATS-38,347.7,0.89,1.105,,
HATS-39 b,0.63,1.57,HATS-39,773.0,1.379,1.621,,
HATS-43 b,0.261,1.18,HATS-43,341.0,0.837,0.812,K,
HATS-44 b,0.56,1.067,HATS-44,463.0,0.86,0.847,K,
HATS-45 b,0.7,1.286,HATS-45,818.0,1.272,1.315,F,
HATS-46 b,0.173,0.903,HATS-46,448.0,0.917,0.853,G,
HATS-47 b,0.369,1.117,HATS-47,301.7,0.674,0.6564,,
HATS-48A b,0.243,0.8,HATS-48A,265.4,0.7279,0.7152,,
HATS-49 b,0.353,0.765,HATS-49,324.6,0.7133,0.6977,,
HATS-5 b,0.237,0.912,HATS-5,257.0,0.936,0.871,,
HATS-50 b,0.39,1.13,HATS-50,717.0,1.168,1.117,,
HATS-51 b,0.768,1.41,HATS-51,478.0,1.187,1.44,,
HATS-53 b,0.595,1.34,HATS-53,613.0,0.964,1.1,,
HATS-54 b,0.753,1.015,HATS-54,720.0,1.05,1.23,G8V,
HATS-55 b,0.921,1.251,HATS-55,623.6,1.1955,1.126,,
HATS-56 b,0.602,1.688,HATS-56,577.1,1.573,2.201,,
HATS-59 b,0.806,1.126,HATS-59,654.0,1.038,1.036,,
HATS-6 b,0.319,0.998,HATS-6,148.4,0.574,0.57,M1V,
HATS-60 b,0.662,1.153,HATS-60,494.7,1.1,1.46,,
HATS-62 b,0.179,1.055,HATS-62,515.9,0.911,0.923,,
HATS-63 b,0.96,1.207,HATS-63,634.4,0.931,1.07,,
HATS-64 b,0.96,1.679,HATS-64,1087.0,1.562,2.113,,
HATS-65 b,0.821,1.501,HATS-65,491.0,1.269,1.296,,
HATS-69 b,0.577,0.945,HATS-69,420.3,0.892,0.8785,,
HATS-7 b,0.12,0.563,HATS-7,257.0,0.849,0.815,K2,
HATS-71A b,0.45,1.08,HATS-71A,140.68,0.569,0.5161,M3,
HATS-72 b,0.1254,0.7224,HATS-72,127.66,0.7311,0.7214,,
HATS-75 b,0.491,0.884,HATS-75,195.3,0.6017,0.5848,,
HATS-8 b,0.138,0.873,HATS-8,829.0,1.056,1.086,G2V,
HATS-9 b,0.839,1.236,HATS-9,654.36,1.1,1.56,,
HD 102195 b,0.46,,HD 102195,28.98,0.926,0.835,K0V,
HD 106315 b,0.03964,0.218,HD 106315,109.0,1.09,1.3,F5 V,
HD 106315 c,0.04782,0.388,HD 106315,109.0,1.09,1.3,F5 V,
HD 110113 b,0.01432,0.1829,HD 110113,106.3,0.997,0.968,,
HD 136352 b,0.01472,0.14658,HD 136352,14.8,,,G4V,
HD 136352 c,0.0353,0.25489,HD 136352,14.8,,,G4V,
HD 136352 d,0.02725,0.22366,HD 136352,14.8,,,G4V,
HD 137496 b,0.01271,0.1169,HD 137496,,,,,
HD 1397 b,0.415,1.026,HD 1397,79.31,1.322,2.328,G5III,
HD 149026 b,0.357,0.718,HD 149026,78.9,1.3,1.497,G0 IV,
HD 152843 b,0.03637,0.3042,HD 152843,107.898,1.15,1.43,G0,
HD 152843 c,0.0865,0.5201,HD 152843,107.898,1.15,1.43,G0,
HD 183579 b,0.0302,0.3149,HD 183579,57.06,1.031,0.985,G5V,
HD 190622 b,0.0242,0.27541,HD 190622,88.74,1.044,1.205,F,
HD 191939 b,0.0327,0.3024,HD 191939,53.608,0.81,0.945,G8V,
HD 191939 c,0.0227,0.2748,HD 191939,53.608,0.81,0.945,G8V,
HD 191939 d,0.0182,0.2712,HD 191939,53.608,0.81,0.945,G8V,
HD 20329 b,0.02335,0.1534,HD 20329,63.38,0.9,1.13,G5,
HD 207496 b,0.0192,0.2007,HD 207496,23.6382,0.8,0.769,K2.5 V,
HD 207897 b,0.05,0.22348,HD 207897,28.25,0.801,0.779,K0V,
HD 208487 c,0.46,,HD 208487,45.0,1.3,1.15,G2V,
HD 209458 b,0.69,1.38,HD 209458,47.0,1.148,1.203,G0 V,
HD 213885 b,0.02778,0.15568,HD 213885,57.97,1.068,1.101,G,
HD 219134 b,0.01343,0.134,HD 219134,6.55,0.794,0.778,K3V,
HD 219134 c,0.01246,0.12624,HD 219134,6.55,0.794,0.778,K3V,
HD 219134 d,0.05236,,HD 219134,6.55,0.794,0.778,K3V,
HD 219134 f,0.0208,,HD 219134,6.55,0.794,0.778,K3V,
HD 219666 b,0.0522,0.4202,HD 219666,94.4,0.92,1.03,,
HD 221416 b,0.1904,0.836,HD 221416,95.075,1.212,2.943,K0IV/V,
HD 22946 b,0.00821,0.12151,HD 22946,62.87,1.104,1.157,F7/F8V,
HD 22946 c,0.0208,0.20769,HD 22946,62.87,1.104,1.157,F7/F8V,
HD 22946 d,0.0249,0.23258,HD 22946,62.87,1.104,1.157,F7/F8V,
HD 23472 b,0.02618,0.16701,HD 23472,39.1,0.75,0.73,K3.5V,
HD 23472 c,0.01073,0.1668,HD 23472,39.1,0.75,0.73,K3.5V,
HD 23472 d,0.00173,0.0669,HD 23472,39.1,0.75,0.73,K3.5V,
HD 23472 e,0.00227,0.07298,HD 23472,39.1,0.75,0.73,K3.5V,
HD 23472 f,0.00242,0.10144,HD 23472,39.1,0.75,0.73,K3.5V,
HD 260655 b,0.00673,0.1106,HD 260655,9.9976,0.439,0.439,MOV,
HD 260655 c,0.00972,0.13677,HD 260655,9.9976,0.439,0.439,MOV,
HD 28109 b,0.058195,0.19618,HD 28109,140.087,1.26,1.446,F8,
HD 3167 b,0.0158,0.152,HD 3167,47.36,0.94,0.87,K0 V,
HD 3167 c,0.0308,0.255,HD 3167,47.36,0.94,0.87,K0 V,
HD 332231 b,0.244,0.867,HD 332231,80.597,1.127,1.277,F8,
HD 3651 b,0.23,,HD 3651,11.0,0.79,0.947,K0 V,
HD 38529 b,0.93,,HD 38529,39.28,1.48,2.44,G4 IV,
HD 5278 b,0.0245,0.2186,HD 5278,56.12,1.126,1.194,,
HD 63935 b,0.034,0.2668,HD 63935,48.8,0.933,0.959,,
HD 63935 c,0.0349,0.259,HD 63935,48.8,0.933,0.959,,
HD 69830 b,0.1427,,HD 69830,12.6,0.86,0.895,K0V,
HD 69830 c,0.1649,,HD 69830,12.6,0.86,0.895,K0V,
HD 69830 d,0.2529,,HD 69830,12.6,0.86,0.895,K0V,
HD 73583 b,0.0321,0.2489,HD 73583,31.6,0.66,0.71,K4V,
HD 73583 c,0.0302,0.2436,HD 73583,31.6,0.66,0.71,K4V,
HD 80653 b,0.01762,0.144,HD 80653,109.86,1.18,1.22,G2,
HD 86226 c,0.02281,0.1927,HD 86226,42.48,1.02,,G2V,
HD 89345 b,0.1123,0.612,HD 89345,126.6,1.12,1.657,G5V,
HD 95338 b,0.12406,0.3551,HD 95338,36.9,0.76,0.86,K0.5V,
HD 97658 b,0.02457,0.20047,HD 97658,21.1,0.85,0.73,K1V,
HIP 113103 b,0.0186,0.16317,HIP 113103,46.258,0.761,0.742,,
HIP 113103 c,0.0264,0.2141,HIP 113103,46.258,0.761,0.742,,
HIP 116454 b,0.0372,0.226,HIP 116454,55.2,0.775,0.716,K2,
HIP 41378 f,0.038,0.821,HIP 41378,116.0,1.15,1.4,,
HIP 97166 b,0.063,0.2444,HIP 97166,66.08,0.898,0.836,,
K2-10 b,0.08495,0.343,K2-10,274.48,0.92,0.98,F9,
K2-105 b,0.094,0.301,K2-105,199.28,0.99,0.91,K1,
K2-106 b,0.0263,0.162,EPIC 220674823,246.1,0.97,0.98,G5 V,
K2-106 c,0.018,0.244,EPIC 220674823,246.1,0.97,0.98,G5 V,
K2-107 b,0.84,1.426,K2-107,696.95,1.3,1.81,F9 IV,
K2-108 b,0.187,0.476,K2-108,484.99,1.17,1.76,,
K2-110 b,0.0525,0.228,K2-110,116.84,0.75,0.71,K3 V,
K2-111 b,0.01664,0.162,K2-111,201.7,0.84,1.25,G2,
K2-124 b,0.033,0.259,K2-124,140.4,0.39,0.39,M3V,
K2-132 b,0.49,1.3,K2-132,620.41,1.08,3.85,K,
K2-133 b,0.0069,0.12,K2-133,75.2,0.46,0.46,M1.5 V,
K2-133 c,0.01,0.143,K2-133,75.2,0.46,0.46,M1.5 V,
K2-133 d,0.026,0.179,K2-133,75.2,0.46,0.46,M1.5 V,
K2-137 b,0.5,0.079,K2-137,99.15,0.46,0.44,M3 V,
K2-138 b,0.0098,0.14,K2-138,183.0,0.93,0.86,K1 V,
K2-138 c,0.0198,0.225,K2-138,183.0,0.93,0.86,K1 V,
K2-138 d,0.0249,0.237,K2-138,183.0,0.93,0.86,K1 V,
K2-138 e,0.0409,0.294,K2-138,183.0,0.93,0.86,K1 V,
K2-138 f,0.005,0.251,K2-138,183.0,0.93,0.86,K1 V,
K2-138 g,0.0135,0.2688,K2-138,183.0,0.93,0.86,K1 V,
K2-139 b,0.381,0.813,K2-139,154.6,0.96,0.88,K0 V,
K2-140 b,0.93,1.093,K2-140,341.6,1.0,0.99,G5,
K2-141 b,0.01598,0.135,K2-141,61.0,0.708,0.681,,
K2-141 c,0.02328,0.624,K2-141,61.0,0.708,0.681,,
K2-146 b,0.01816,0.183,K2-146,79.31,0.33,0.33,M3.0 V,
K2-146 c,0.02358,0.195,K2-146,79.31,0.33,0.33,M3.0 V,
K2-155 b,0.0148,0.161,K2-155,82.0,0.65,0.58,K7,
K2-155 c,0.0205,0.232,K2-155,82.0,0.65,0.58,K7,
K2-155 d,0.0154,0.17,K2-155,82.0,0.65,0.58,K7,
K2-174 b,0.0289,0.232,K2-174,100.1,0.7,0.68,,
K2-18 b,0.02807,0.211,K2-18,38.07,0.36,0.41,M2.5 V,
K2-180 b,0.036,0.206,K2-180,204.51,0.72,0.72,K2V,
K2-182 b,0.063,0.24,K2-182,155.9,0.88,0.8,,
K2-19 b,0.1019,0.691,K2-19,292.14,0.93,0.86,G9 V,
K2-19 c,0.034,0.434,K2-19,292.14,0.93,0.86,G9 V,
K2-19 d,0.031,0.102,K2-19,292.14,0.93,0.86,G9 V,
K2-199 b,0.0217,0.1543,K2-199,107.97,0.73,0.68,,
K2-199 c,0.039,0.2543,K2-199,107.97,0.73,0.68,,
K2-21 b,0.00623,0.164,K2-21,83.85,0.68,0.65,M0.0,
K2-21 c,0.01561,0.222,K2-21,83.85,0.68,0.65,M0.0,
K2-216 b,0.02517,0.156,K2-216,115.84,0.7,0.72,K5 V,
K2-222 b,0.025,0.2097,K2-222,101.59,1.0,1.09,,
K2-229 b,0.00815,0.102,K2-229,103.8,0.87,0.79,G9,
K2-229 c,0.067,0.181,K2-229,103.8,0.87,0.79,G9,
K2-229 d,0.079,0.2364,K2-229,103.8,0.87,0.79,G9,
K2-231 b,0.0227,0.223,K2-231,295.0,1.01,0.95,,
K2-232 b,0.398,1.0,K2-232,131.21,1.19,1.16,F9V,
K2-233 b,0.0104,0.125,K2-233,67.64,0.8,0.74,K3,
K2-233 d,0.0261,0.236,K2-233,67.64,0.8,0.74,K3,
K2-238 b,0.86,1.3,K2-238,453.0,1.19,1.59,G2 V,
K2-239 b,0.0044,0.098,K2-239,49.0,0.4,0.36,M3.0 V,
K2-239 c,0.0028,0.089,K2-239,49.0,0.4,0.36,M3.0 V,
K2-239 d,0.0041,0.098,K2-239,49.0,0.4,0.36,M3.0 V,
K2-24 b,0.05978,0.482,K2-24,171.39,1.07,1.16,G9 V,
K2-24 c,0.04845,0.669,K2-24,171.39,1.07,1.16,G9 V,
K2-240 b,0.0157,0.178,K2-240,70.0,0.58,0.54,M0.5 V,
K2-240 c,0.0145,0.161,K2-240,70.0,0.58,0.54,M0.5 V,
K2-25 b,0.0771,0.306,K2-25,45.01,0.29,0.29,M4.5,
K2-261 b,0.223,0.85,K2-261,214.58,1.1,1.65,G7 IV/V,
K2-263 b,0.0466,0.215,K2-263,163.23,0.88,0.85,G9 V,
K2-265 b,0.02058,0.153,K2-265,139.22,0.92,0.98,G8 V,
K2-266 b,0.0355,0.294,K2-266,77.16,0.69,0.7,K,
K2-266 c,0.00091,0.063,K2-266,77.16,0.69,0.7,K,
K2-266 d,0.028,0.261,K2-266,77.16,0.69,0.7,K,
K2-266 e,0.04499,0.244,K2-266,77.16,0.69,0.7,K,
K2-27 b,0.09722,0.4,K2-27,251.43,0.87,0.89,,
K2-280 b,0.1167,0.684,K2-280,396.9,1.11,1.28,,
K2-285 b,0.03046,0.231,K2-285,155.65,0.83,0.79,K2 V,
K2-285 c,0.04933,0.315,K2-285,155.65,0.83,0.79,K2 V,
K2-285 d,0.02045,0.221,K2-285,155.65,0.83,0.79,K2 V,
K2-285 e,0.03367,0.174,K2-285,155.65,0.83,0.79,K2 V,
K2-286 b,0.0214,0.187,K2-286,76.32,0.64,0.62,M0 V,
K2-287 b,0.315,0.847,K2-287,159.05,1.06,1.07,,
K2-289 b,0.1529,0.812,K2-289,270.7,0.95,1.02,,
K2-29 b,0.73,1.19,K2-29,179.39,0.94,0.86,G7 V,
K2-290 b,0.0343,0.273,K2-290,274.99,1.19,1.51,,
K2-290 c,0.774,1.006,K2-290,274.99,1.19,1.51,,
K2-291 b,0.02042,0.142,K2-291,90.29,0.93,0.9,,
K2-292 b,0.07709,0.235,K2-292,114.29,1.0,1.09,G3 V,
K2-295 b,0.335,0.897,K2-295,225.7,0.74,0.7,K5 V,
K2-3 b,0.02039,0.194,K2-3,45.0,0.6,0.56,M0.0V,
K2-3 c,0.00673,0.165,K2-3,45.0,0.6,0.56,M0.0V,
K2-3 d,0.00881,0.135,K2-3,45.0,0.6,0.56,M0.0V,
K2-30 b,0.579,1.039,K2-30,336.26,0.9,0.84,G6 V,
K2-308 b,0.025,0.884,K2-308,,1.09,1.24,,
K2-314 b,0.02753,0.174,EPIC 249893012,324.7,1.05,1.71,G8 1V/V,
K2-314 c,0.04616,0.3274,EPIC 249893012,324.7,1.05,1.71,G8 1V/V,
K2-314 d,0.03203,0.3515,EPIC 249893012,324.7,1.05,1.71,G8 1V/V,
K2-32 b,0.047,0.443,K2-32,158.39,0.86,0.84,G9 V,
K2-32 c,0.0255,0.244,K2-32,158.39,0.86,0.84,G9 V,
K2-32 d,0.0211,0.292,K2-32,158.39,0.86,0.84,G9 V,
K2-32 e,0.0066,0.09,K2-32,158.39,0.86,0.84,G9 V,
K2-36 b,0.01227,0.128,K2-36,110.09,0.79,0.72,K2 V,
K2-36 c,0.02454,0.2783,K2-36,110.09,0.79,0.72,K2 V,
K2-38 b,0.06,0.17,K2-38,193.71,2.24,1.38,G2 V,
K2-38 c,0.03115,0.216,K2-38,193.71,2.24,1.38,G2 V,
K2-39 b,0.09,0.56,K2-39,310.14,0.66,2.97,,
K2-415 b,0.009,0.09055,K2-415,21.8043,0.1635,0.1965,,
K2-416 b,0.023,0.241,K2-416,,,,,
K2-417 b,0.0299,0.2837,K2-417,,,,,
K2-52 b,0.4046,1.606,K2-52,1041.7,1.69,2.19,,
K2-53 b,0.0289,0.232,K2-53,139.1,0.85,0.81,,
K2-55 b,0.138,0.341,K2-55,160.26,0.7,0.63,,
K2-60 b,0.426,0.683,K2-60,498.7,0.97,1.12,G4 V,
K2-66 b,0.06702,0.222,K2-66,520.43,1.11,1.67,,
K2-79 b,0.0371,0.3649,K2-79,257.9,1.06,1.28,,
K2-87 b,0.1192,0.678,K2-87,503.6,1.16,1.4,,
K2-90 b,0.028,0.232,K2-90,134.9,0.63,0.62,,
K2-98 b,0.101,0.464,K2-98,526.31,1.2,1.57,F8 V,
K2-99 b,0.87,1.046,K2-99,522.29,1.63,2.63,G0 IV,
KELT-10 b,0.679,1.399,KELT-10,183.0,1.112,1.209,,
KELT-11 b,0.195,1.3,KELT-11,98.0,1.438,2.72,G8,
KELT-12 b,0.95,1.79,WASP-86,360.0,1.239,1.291,F7,
KELT-15 b,0.92,1.443,KELT-15,201.0,1.181,1.481,,
KELT-23A b,0.938,1.323,KELT-23A,125.42,0.942,0.996,,
KELT-4 A b,0.884,1.706,KELT-4 A,211.0,1.204,1.61,F,
KELT-6 b,0.442,1.18,KELT-6,,1.126,1.529,F,
KELT-8 b,0.874,1.86,KELT-8,236.0,1.211,1.67,G2V,
KMT-2016-BLG-0625 b,0.051,,KMT-2016-BLG-0625,,,,,
KMT-2016-BLG-1105 b,0.0073,,KMT-2016-BLG-1105,5080.0,0.41,,,
KMT-2016-BLG-2605 b,0.771,,KMT-2016-BLG-2605,6421.0,0.064,,,
KMT-2017-BLG-0165L b,0.107,,KMT-2017-BLG-0165L,4530.0,0.76,,,
KMT-2017-BLG-0428 b,0.01114,,KMT-2017-BLG-0428,5400.0,0.34,,,
KMT-2017-BLG-1003 b,0.01633,,KMT-2017-BLG-1003,7090.0,0.32,,,
KMT-2017-BLG-1146 b,0.85,,KMT-2017-BLG-1146,6600.0,0.4,,,
KMT-2018-BLG-0029 b,0.02017,,KMT-2018-BLG-0029,2730.0,1.06,,,
KMT-2018-BLG-0087 b,0.23,,KMT-2018-BLG-0087,7020.0,0.1,,,
KMT-2018-BLG-0748 b,0.19,,KMT-2018-BLG-0748,7300.0,0.087,,,
KMT-2018-BLG-1025L b,0.019064,,KMT-2018-BLG-1025L,6700.0,0.22,,,
KMT-2018-BLG-1743 b,0.925,,KMT-2018-BLG-1743,6200.0,0.3,,,
KMT-2018-BLG-1988L b,0.0214,,KMT-2018-BLG-1988L,4200.0,0.47,,,
KMT-2018-BLG-1990L b,0.57,,KMT-2018-BLG-1990L,1239.0,0.14,,M,
KMT-2018-BLG-2004 b,0.27,,KMT-2018-BLG-2004,6980.0,0.69,,,
KMT-2019-BLG-0253 b,0.0289,,KMT-2019-BLG-0253,4900.0,0.7,,,
KMT-2019-BLG-1042 b,0.19,,KMT-2019-BLG-1042,6600.0,0.3,,,
KMT-2019-BLG-1216 b,0.094,,KMT-2019-BLG-1216,2740.0,0.39,,,
KMT-2019-BLG-1367 b,0.01284,,KMT-2019-BLG-1367,4670.0,0.25,,,
KMT-2019-BLG-1806 b,0.01469,,KMT-2019-BLG-1806,6640.0,0.74,,,
KMT-2019-BLG-1953L b,0.59,,KMT-2019-BLG-1953,7040.0,0.31,,,
KMT-2019-BLG-1953L c,0.28,,KMT-2019-BLG-1953,7040.0,0.31,,,
KMT-2019-BLG-2073,0.186,,,,,,,
KMT-2019-BLG-2974 b,0.28,,KMT-2019-BLG-2974,6100.0,0.47,,,
KMT-2020-BLG-0414 b,0.00381,,KMT-2020-BLG-0414,1220.0,0.364,,,
KMT-2021-BLG-0171L b,0.0352,,KMT-2021-BLG-0171L,4600.0,0.78,,,
KMT-2021-BLG-0192 b,0.15,,KMT-2021-BLG-0192,3000.0,0.4,,,
KMT-2021-BLG-0240 b,0.4,,KMT-2021-BLG-0240,7000.0,0.47,,,
KMT-2021-BLG-0240 c,0.7,,KMT-2021-BLG-0240,7000.0,0.47,,,
KMT-2021-BLG-0320 b,0.1,,KMT-2021-BLG-0320,6950.0,0.32,,,
KMT-2021-BLG-0712 b,0.12016,,KMT-2021-BLG-0712,3090.0,0.22,,,
KMT-2021-BLG-0748 b,0.45,,KMT-2021-BLG-0748,6090.0,0.36,,,
KMT-2021-BLG-1077L b,0.22,,KMT-2021-BLG-1077L,8240.0,0.14,,,
KMT-2021-BLG-1077L c,0.25,,KMT-2021-BLG-1077L,8240.0,0.14,,,
KMT-2021-BLG-1150L b,0.88,,KMT-2021-BLG-1150L,3800.0,0.73,,,
KMT-2021-BLG-1253 b,0.05994,,KMT-2021-BLG-1253,6649.0,0.24,,,
KMT-2021-BLG-1303 b,0.38,,KMT-2021-BLG-1303,6280.0,0.57,,,
KMT-2021-BLG-1372 b,0.19278,,KMT-2021-BLG-1372,5970.0,0.42,,,
KMT-2021-BLG-1554 b,0.12,,KMT-2021-BLG-1554,7680.0,0.08,,,
KMT-2021-BLG-1689L b,0.145,,KMT-2021-BLG-1689L,7200.0,0.58,,,
KMT-2021-BLG-1898 b,0.76,,KMT-2021-BLG-1898,6900.0,0.48,,,
KMT-2021-BLG-1931 b,0.01432,,KMT-2021-BLG-1931,5720.0,0.37,,,
KMT-2021-BLG-2294 b,0.07,,KMT-2021-BLG-2294,6830.0,0.125,,,
KMT-2021-BLG-2478 b,0.8,,KMT-2021-BLG-2478,2500.0,0.12,,,
KMT-2022-BLG-0371 b,0.26,,KMT-2022-BLG-0371,7140.0,0.63,,,
KMT-2022-BLG-0440L b,0.0485,,KMT-2022-BLG-0440L,3500.0,0.53,,,
KMT-2022-BLG-0475 b,0.079,,KMT-2022-BLG-0475,6580.0,0.43,,,
KMT-2022-BLG-1013 b,0.31,,KMT-2022-BLG-1013,,,,,
KMT-2022-BLG-1480 b,0.083,,KMT-2022-BLG-1480,7790.0,0.18,,,
KOI-142 b,0.03,0.307,KOI-142,339.0,0.99,0.9,G6 V,
KOI-142 c,0.674,,KOI-142,339.0,0.99,0.9,G6 V,
KOI-1599.01,0.01447,0.17,KOI-1599,1168.99,1.02,0.97,,
KOI-1599.02,0.02832,0.17,KOI-1599,1168.99,1.02,0.97,,
KOI-1783 b,0.2234,0.7904,KOI-1783,887.81,1.08,1.14,,
KOI-1783 c,0.0472,0.4853,KOI-1783,887.81,1.08,1.14,,
KOI-2700 b,0.00271,0.0946,KOI-2700,,0.632,0.574,,
KOI-4777,0.00107,0.0455,KOI-4777,170.66,0.41,0.4,,
KOI-55 b,0.0014,0.068,KOI-55,1180.0,0.5,0.2,B,
KOI-55 c,0.0021,0.077,KOI-55,1180.0,0.5,0.2,B,
KOI-984 b,0.0544,0.384,KOI-984,229.63,0.928,0.818,,
KOI-984 c,0.6601,,KOI-984,229.63,0.928,0.818,,
Kepler-10 b,0.0145,0.132,Kepler-10,186.5,0.91,1.06,G,
Kepler-10 c,0.02319,0.2097,Kepler-10,186.5,0.91,1.06,G,
Kepler-100 b,0.023,0.118,Kepler-100,307.34,1.08,1.49,,
Kepler-100 c,0.02218,0.196,Kepler-100,307.34,1.08,1.49,,
Kepler-100 d,0.00944,0.144,Kepler-100,307.34,1.08,1.49,,
Kepler-101 b,0.16,0.51,Kepler-101,953.44,1.17,1.56,G3 IV,
Kepler-101 c,0.01,0.112,Kepler-101,953.44,1.17,1.56,G3 IV,
Kepler-102 b,0.01353,0.042,Kepler-102,108.13,0.81,0.76,,
Kepler-102 c,0.00944,0.052,Kepler-102,108.13,0.81,0.76,,
Kepler-102 d,0.012,0.105,Kepler-102,108.13,0.81,0.76,,
Kepler-102 e,0.028,0.198,Kepler-102,108.13,0.81,0.76,,
Kepler-102 f,0.01636,0.079,Kepler-102,108.13,0.81,0.76,,
Kepler-103 b,0.031,0.301,Kepler-103,501.93,1.09,1.44,,
Kepler-103 c,0.114,0.459,Kepler-103,501.93,1.09,1.44,,
Kepler-104 b,0.0167,0.277,Kepler-104,405.42,0.81,1.35,,
Kepler-104 c,0.0242,0.279,Kepler-104,405.42,0.81,1.35,,
Kepler-104 d,0.0311,0.319,Kepler-104,405.42,0.81,1.35,,
Kepler-105 b,0.016,0.429,Kepler-105,465.33,0.96,0.89,,
Kepler-105 c,0.01447,0.117,Kepler-105,465.33,0.96,0.89,,
Kepler-106 b,0.01668,0.073,Kepler-106,449.98,1.0,1.04,,
Kepler-106 c,0.033,0.223,Kepler-106,449.98,1.0,1.04,,
Kepler-106 d,0.02549,0.085,Kepler-106,449.98,1.0,1.04,,
Kepler-106 e,0.035,0.228,Kepler-106,449.98,1.0,1.04,,
Kepler-107 b,0.01104,0.137,Kepler-107,525.5,1.24,1.45,,
Kepler-107 c,0.02954,0.142,Kepler-107,525.5,1.24,1.45,,
Kepler-107 d,0.01196,0.077,Kepler-107,525.5,1.24,1.45,,
Kepler-107 e,0.02706,0.259,Kepler-107,525.5,1.24,1.45,,
Kepler-109 b,0.02297,0.211,Kepler-109,481.4,1.04,1.32,,
Kepler-109 c,0.06859,0.225,Kepler-109,481.4,1.04,1.32,,
Kepler-11 b,0.006,0.161,Kepler-11,658.59,0.96,1.06,G,
Kepler-11 c,0.009,0.256,Kepler-11,658.59,0.96,1.06,G,
Kepler-11 d,0.023,0.278,Kepler-11,658.59,0.96,1.06,G,
Kepler-11 e,0.025,0.374,Kepler-11,658.59,0.96,1.06,G,
Kepler-11 f,0.006,0.222,Kepler-11,658.59,0.96,1.06,G,
Kepler-11 g,0.079,0.297,Kepler-11,658.59,0.96,1.06,G,
Kepler-113 b,0.037,0.162,Kepler-113,264.35,0.75,0.69,,
Kepler-113 c,0.02737,0.194,Kepler-113,264.35,0.75,0.69,,
Kepler-114 b,0.022,0.112,Kepler-114,261.49,0.71,0.67,M0 V,
Kepler-114 c,0.009,0.143,Kepler-114,261.49,0.71,0.67,M0 V,
Kepler-114 d,0.012,0.226,Kepler-114,261.49,0.71,0.67,M0 V,
Kepler-117 b,0.094,0.719,Kepler-117,1430.0,1.13,1.61,F8 V,
Kepler-12 b,0.432,1.754,Kepler-12,904.4,1.17,1.48,G0,
Kepler-122 f,0.113,0.156,Kepler-122,1058.58,0.99,1.22,,
Kepler-128 b,0.00242,0.128,Kepler-128,400.93,1.09,1.61,,
Kepler-128 c,0.00283,0.12,Kepler-128,400.93,1.09,1.61,,
Kepler-131 b,0.051,0.215,Kepler-131,230.19,1.02,1.03,,
Kepler-131 c,0.026,0.075,Kepler-131,230.19,1.02,1.03,,
Kepler-138 b,0.00021,0.047,Kepler-138,66.99,0.52,0.44,M1 V,
Kepler-138 c,0.0062,0.107,Kepler-138,66.99,0.52,0.44,M1 V,
Kepler-138 d,0.00201,0.108,Kepler-138,66.99,0.52,0.44,M1 V,
Kepler-138 e,0.00135,,Kepler-138,66.99,0.52,0.44,M1 V,
Kepler-145 b,0.117,0.236,Kepler-145,576.15,1.28,1.98,,
Kepler-145 c,0.25,0.385,Kepler-145,576.15,1.28,1.98,,
Kepler-15 b,0.66,0.96,Kepler-15,755.38,1.02,0.99,,
Kepler-150 f,0.0283,0.325,Kepler-150,914.4,,0.94,,
Kepler-1520 b,6.3E-05,,Kepler-1520,636.0,0.76,0.71,K4V,
Kepler-16 (AB) b,0.333,0.7538,Kepler-16 (AB),,0.8499,0.65,K,
Kepler-160 d,0.31463,,Kepler-160,962.92,,1.12,,
Kepler-1654 b,0.5,0.819,Kepler-1654,577.6,1.01,1.18,G5 V,
Kepler-1655 b,0.01573,0.197,Kepler-1655,214.58,1.03,1.03,G0 V,
Kepler-1656 b,0.1504,0.448,Kepler-1656,186.88,1.03,1.1,,
Kepler-1656 c,0.3977,,Kepler-1656,186.88,1.03,1.1,,
Kepler-1661 (AB) b,0.053,,Kepler-1661 (AB),415.5,1.1,,,
Kepler-167 d,0.006,0.107,Kepler-167,330.0,0.77,0.73,K4,
Kepler-1705 b,0.01406,0.1811,Kepler-1705,,0.838,0.768,,
Kepler-1705 c,0.01705,0.1829,Kepler-1705,,0.838,0.768,,
Kepler-177 b,0.01837,0.312,Kepler-177,1497.42,0.92,1.32,,
Kepler-177 c,0.04625,0.779,Kepler-177,1497.42,0.92,1.32,,
Kepler-18 b,0.022,0.178,Kepler-18,438.51,0.97,1.11,,
Kepler-18 c,0.054,0.49,Kepler-18,438.51,0.97,1.11,,
Kepler-18 d,0.052,0.623,Kepler-18,438.51,0.97,1.11,,
Kepler-19 b,0.02643,0.198,Kepler-19,219.95,0.94,0.86,,
Kepler-19 c,0.04122,,Kepler-19,219.95,0.94,0.86,,
Kepler-19 d,0.07079,,Kepler-19,219.95,0.94,0.86,,
Kepler-197 c,0.017,0.11,Kepler-197,333.75,,1.12,,
Kepler-20 b,0.03052,0.167,Kepler-20,284.88,0.95,0.96,G8,
Kepler-20 c,0.04012,0.272,Kepler-20,284.88,0.95,0.96,G8,
Kepler-20 d,0.03168,0.245,Kepler-20,284.88,0.95,0.96,G8,
Kepler-20 e,0.0097,0.077,Kepler-20,284.88,0.95,0.96,G8,
Kepler-20 f,0.045,0.089,Kepler-20,284.88,0.95,0.96,G8,
Kepler-21 b,0.01598,0.146,Kepler-21,108.86,1.41,1.9,F6 IV,
Kepler-22 b,0.113,0.212,Kepler-22,190.0,0.97,0.98,G5 V,
Kepler-223 b,0.02328,0.267,Kepler-223,1960.49,1.12,1.72,,
Kepler-223 c,0.01605,0.307,Kepler-223,1960.49,1.12,1.72,,
Kepler-223 d,0.02517,0.467,Kepler-223,1960.49,1.12,1.72,,
Kepler-223 e,0.0151,0.41,Kepler-223,1960.49,1.12,1.72,,
Kepler-23 b,0.8,0.17,Kepler-23,856.34,1.11,1.55,,
Kepler-23 d,0.055,0.196,Kepler-23,856.34,1.11,1.55,,
Kepler-238 e,0.534,0.5,Kepler-238,1897.73,1.43,1.43,,
Kepler-238 f,0.042,0.178,Kepler-238,1897.73,1.43,1.43,,
Kepler-25 b,0.0275,0.245,Kepler-25,244.96,1.19,1.31,,
Kepler-25 c,0.0479,0.465,Kepler-25,244.96,1.19,1.31,,
Kepler-25 d,0.226,,Kepler-25,244.96,1.19,1.31,,
Kepler-26 b,0.01611,0.248,Kepler-26,338.55,0.54,0.51,M0 V,
Kepler-26 c,0.01951,0.243,Kepler-26,338.55,0.54,0.51,M0 V,
Kepler-276 c,0.052,0.259,Kepler-276,1181.73,0.96,1.05,,
Kepler-276 d,0.051,0.25,Kepler-276,1181.73,0.96,1.05,,
Kepler-277 b,0.275,0.261,Kepler-277,1004.88,1.19,1.65,,
Kepler-277 c,0.202,0.3,Kepler-277,1004.88,1.19,1.65,,
Kepler-278 b,0.176,0.363,Kepler-278,448.65,,2.94,,
Kepler-278 c,0.1098,0.32,Kepler-278,448.65,,2.94,,
Kepler-279 c,0.155,0.384,Kepler-279,1069.2,1.23,1.75,,
Kepler-279 d,0.118,0.277,Kepler-279,1069.2,1.23,1.75,,
Kepler-282 d,0.192,0.219,Kepler-282,1390.97,1.09,0.9,,
Kepler-282 e,0.177,0.277,Kepler-282,1390.97,1.09,0.9,,
Kepler-289 b,0.023,0.192,Kepler-289,700.0,1.08,1.0,,
Kepler-289 c,0.42,1.034,Kepler-289,700.0,1.08,1.0,,
Kepler-289 d,0.013,0.239,Kepler-289,700.0,1.08,1.0,,
Kepler-29 b,0.01573,0.227,Kepler-29,851.9,0.76,0.73,,
Kepler-29 c,0.01416,0.209,Kepler-29,851.9,0.76,0.73,,
Kepler-30 b,0.036,0.348,Kepler-30,938.33,0.99,0.95,,
Kepler-30 d,0.073,0.785,Kepler-30,938.33,0.99,0.95,,
Kepler-305 b,0.033,0.321,Kepler-305,889.64,0.83,0.79,,
Kepler-305 c,0.019,0.294,Kepler-305,889.64,0.83,0.79,,
Kepler-307 b,0.02341,0.217,Kepler-307,585.27,0.91,0.81,,
Kepler-307 c,0.01145,0.196,Kepler-307,585.27,0.91,0.81,,
Kepler-32 c,0.5,0.178,Kepler-32,326.85,0.58,0.53,M1 V,
Kepler-328 b,0.09,0.205,Kepler-328,2354.42,1.1,1.0,,
Kepler-328 c,0.124,0.482,Kepler-328,2354.42,1.1,1.0,,
Kepler-338 b,0.0963,0.218,Kepler-338,561.69,1.1,1.74,,
Kepler-338 e,0.027,0.139,Kepler-338,561.69,1.1,1.74,,
Kepler-34 (AB) b,0.22,0.7637,Kepler-34 (AB),1499.0,2.0687,1.1,G,
Kepler-35 (AB) b,0.1268,0.728,Kepler-35 (AB),1645.0,1.6971,1.0,G,
Kepler-350 c,0.019,0.277,Kepler-350,983.79,1.03,1.53,,
Kepler-350 d,0.047,0.25,Kepler-350,983.79,1.03,1.53,,
Kepler-36 b,0.01205,0.134,Kepler-36,470.0,1.03,1.63,,
Kepler-36 c,0.02243,0.328,Kepler-36,470.0,1.03,1.63,,
Kepler-37 b,0.01,0.026,Kepler-37,64.04,0.87,0.79,,
Kepler-37 c,0.03776,0.067,Kepler-37,64.04,0.87,0.79,,
Kepler-37 d,0.017,0.173,Kepler-37,64.04,0.87,0.79,,
Kepler-38 (AB) b,0.38,0.39,Kepler-38 A,,0.949,1.757,,
Kepler-396 b,0.238,0.312,Kepler-396,225.19,0.81,1.17,,
Kepler-396 c,0.056,0.473,Kepler-396,225.19,0.81,1.17,,
Kepler-4 b,0.077,0.357,Kepler-4,550.0,1.22,1.49,G0,
Kepler-406 b,0.02,0.128,Kepler-406,367.86,1.07,1.07,,
Kepler-406 c,0.009,0.076,Kepler-406,367.86,1.07,1.07,,
Kepler-407 b,0.01007,0.095,Kepler-407,341.69,1.0,1.01,,
Kepler-408 b,0.01573,0.073,Kepler-408,89.01,1.08,1.23,,
Kepler-409 b,0.06922,0.106,Kepler-409,68.31,0.92,0.89,,
Kepler-41 b,0.56,1.29,Kepler-41,1128.11,1.15,1.29,G2 V,
Kepler-411 b,0.08055,0.214,Kepler-411,153.59,0.87,0.82,K2 V,
Kepler-411 c,0.08306,0.394,Kepler-411,153.59,0.87,0.82,K2 V,
Kepler-411 d,0.04782,0.296,Kepler-411,153.59,0.87,0.82,K2 V,
Kepler-411 e,0.03398,,Kepler-411,153.59,0.87,0.82,K2 V,
Kepler-412 b,0.941,1.341,Kepler-412,1121.32,1.17,1.29,G3 V,
Kepler-413 (AB) b,0.211,0.3881,Kepler-413 (AB),,1.3623,0.7761,,
Kepler-414 b,0.011,0.153,Kepler-414,418.44,0.89,0.95,,
Kepler-414 c,0.094,0.269,Kepler-414,418.44,0.89,0.95,,
Kepler-415 b,0.377,0.108,Kepler-415,538.39,0.67,0.64,,
Kepler-416 b,0.183,0.221,Kepler-416,704.76,1.0,1.07,,
Kepler-417 b,0.035,0.206,Kepler-417,999.47,0.9,0.81,,
Kepler-42 b,0.009,0.07,Kepler-42,38.7,0.13,0.17,M,
Kepler-42 c,0.006,0.065,Kepler-42,38.7,0.13,0.17,M,
Kepler-42 d,0.003,0.051,Kepler-42,38.7,0.13,0.17,M,
Kepler-422 b,0.43,1.15,Kepler-422,738.2,1.15,1.24,,
Kepler-423 b,0.595,1.192,Kepler-423,725.0,0.85,0.95,G4 V,
Kepler-425 b,0.25,0.978,Kepler-425,650.0,0.93,0.86,K1 V,
Kepler-426 b,0.34,1.09,Kepler-426,880.0,0.91,0.92,G1 V,
Kepler-427 b,0.29,1.23,Kepler-427,1100.0,0.96,1.35,G2 V,
Kepler-435 b,0.84,1.99,Kepler-435,2070.0,1.54,3.21,,
Kepler-445 b,0.02,0.14,Kepler-445,90.0,0.18,0.21,M4,
Kepler-445 c,0.027,0.22,Kepler-445,90.0,0.18,0.21,M4,
Kepler-445 d,0.011,0.11,Kepler-445,90.0,0.18,0.21,M4,
Kepler-446 b,0.014,0.13,Kepler-446,120.0,0.22,0.24,M4,
Kepler-446 c,0.009,0.1,Kepler-446,120.0,0.22,0.24,M4,
Kepler-446 d,0.01,0.12,Kepler-446,120.0,0.22,0.24,M4,
Kepler-45 b,0.505,0.96,Kepler-45,333.0,0.59,0.55,M,
Kepler-453 (AB) b,0.03,0.55,Kepler-453 A,,0.934,0.833,,
Kepler-454 b,0.01905,0.21,Kepler-454,232.41,0.85,1.05,,
Kepler-46 c,0.376,,Kepler-46,794.54,0.902,0.79,,
Kepler-462 b,0.16959,0.268,Kepler-462,598.0,1.59,1.57,,
Kepler-462 c,0.01888,0.357,Kepler-462,598.0,1.59,1.57,,
Kepler-47 (AB) d,0.05984,0.6281,Kepler-47 A,,1.043,0.964,,
Kepler-48 b,0.0124,0.168,Kepler-48,309.47,0.88,0.89,,
Kepler-48 c,0.04597,0.242,Kepler-48,309.47,0.88,0.89,,
Kepler-48 d,0.025,0.182,Kepler-48,309.47,0.88,0.89,,
Kepler-49 b,0.98,0.243,Kepler-49,314.02,0.55,0.56,M1 V,
Kepler-49 c,0.72,0.227,Kepler-49,314.02,0.55,0.56,M1 V,
Kepler-50 b,0.1,0.153,Kepler-50,251.91,1.24,1.58,,
Kepler-50 c,0.11,0.194,Kepler-50,251.91,1.24,1.58,,
Kepler-51 b,0.007,0.633,Kepler-51,801.76,1.04,0.94,,
Kepler-51 c,0.013,0.803,Kepler-51,801.76,1.04,0.94,,
Kepler-51 d,0.024,0.865,Kepler-51,801.76,1.04,0.94,,
Kepler-53 c,0.11,0.283,Kepler-53,1420.1,0.98,0.89,,
Kepler-538 b,0.03335,0.198,Kepler-538,156.66,0.89,0.87,,
Kepler-539 b,0.97,0.747,Kepler-539,310.01,1.05,0.95,G2 V,
Kepler-54 b,0.92,0.187,Kepler-54,273.8,0.51,0.55,M1 V,
Kepler-54 c,0.37,0.11,Kepler-54,273.8,0.51,0.55,M1 V,
Kepler-56 b,0.07,0.581,Kepler-56,936.96,1.32,4.23,,
Kepler-56 c,0.57,0.874,Kepler-56,936.96,1.32,4.23,,
Kepler-57 b,0.372,0.21,Kepler-57,656.23,0.83,0.73,,
Kepler-57 c,0.0233,0.15,Kepler-57,656.23,0.83,0.73,,
Kepler-595 b,0.05475,0.331,Kepler-595,639.0,0.93,0.82,,
Kepler-595 c,0.01038,0.09,Kepler-595,639.0,0.93,0.82,,
Kepler-6 b,0.668,1.304,Kepler-6,597.14,1.21,1.39,,
Kepler-60 b,0.01318,0.153,Kepler-60,1056.17,1.04,1.26,,
Kepler-60 c,0.01211,0.17,Kepler-60,1056.17,1.04,1.26,,
Kepler-60 d,0.01309,0.178,Kepler-60,1056.17,1.04,1.26,,
Kepler-62 b,0.03,0.117,Kepler-62,368.0,0.69,0.64,K2 V,
Kepler-62 c,0.013,0.048,Kepler-62,368.0,0.69,0.64,K2 V,
Kepler-62 d,0.044,0.174,Kepler-62,368.0,0.69,0.64,K2 V,
Kepler-62 e,0.113,0.144,Kepler-62,368.0,0.69,0.64,K2 V,
Kepler-62 f,0.11,0.126,Kepler-62,368.0,0.69,0.64,K2 V,
Kepler-63 b,0.378,0.545,Kepler-63,200.0,0.98,0.9,,
Kepler-64 (AB) b,0.53,0.553,Kepler-64 (AB),,1.93,1.7,F+M,
Kepler-65 d,0.034,0.136,Kepler-65,306.39,1.25,1.41,B,
Kepler-65 e,0.82,,Kepler-65,306.39,1.25,1.41,B,
Kepler-66 b,0.047,0.25,Kepler-66,1107.0,1.04,0.97,G0 V,
Kepler-67 b,0.047,0.262,Kepler-67,1107.0,0.86,0.78,G9 V,
Kepler-68 b,0.02407,0.206,Kepler-68,144.77,1.08,1.24,,
Kepler-68 c,0.00642,0.0827,Kepler-68,144.77,1.08,1.24,,
Kepler-7 b,0.441,1.622,Kepler-7,947.46,1.36,1.97,,
Kepler-74 b,0.63,0.96,Kepler-74,1218.33,1.18,1.12,F8 V,
Kepler-77 b,0.43,0.96,Kepler-77,570.0,0.95,0.99,G5 V,
Kepler-78 b,0.00619,0.1,Kepler-78,124.82,0.84,0.75,G,
Kepler-79 b,0.0343,0.31,Kepler-79,1051.43,1.17,1.3,,
Kepler-79 c,0.019,0.332,Kepler-79,1051.43,1.17,1.3,,
Kepler-79 d,0.019,0.639,Kepler-79,1051.43,1.17,1.3,,
Kepler-79 e,0.013,0.311,Kepler-79,1051.43,1.17,1.3,,
Kepler-8 b,0.59,1.416,Kepler-8,1052.9,1.21,1.49,,
Kepler-80 b,0.0218,0.238,Kepler-80,357.0,0.73,0.68,K5,
Kepler-80 c,0.02121,0.244,Kepler-80,357.0,0.73,0.68,K5,
Kepler-80 d,0.02124,0.136,Kepler-80,357.0,0.73,0.68,K5,
Kepler-80 e,0.01299,0.143,Kepler-80,357.0,0.73,0.68,K5,
Kepler-82 b,0.03823,0.363,Kepler-82,927.97,0.91,0.9,,
Kepler-82 c,0.04373,0.476,Kepler-82,927.97,0.91,0.9,,
Kepler-82 f,0.06576,,Kepler-82,927.97,0.91,0.9,,
Kepler-85 b,0.0465,0.176,Kepler-85,782.09,0.95,0.89,,
Kepler-85 c,0.059,0.194,Kepler-85,782.09,0.95,0.89,,
Kepler-86 b,0.34235,0.8466,Kepler-86,,0.94,1.0,,
Kepler-87 c,0.02,0.548,Kepler-87,1277.88,1.1,1.82,,
Kepler-89 b,0.033,0.153,KOI-94,483.65,1.28,1.52,,
Kepler-89 c,0.049,0.385,KOI-94,483.65,1.28,1.52,,
Kepler-89 d,0.334,1.005,KOI-94,483.65,1.28,1.52,,
Kepler-89 e,0.11,0.585,KOI-94,483.65,1.28,1.52,,
Kepler-9 b,0.13655,0.74,Kepler-9,614.0,1.02,0.96,,
Kepler-9 c,0.09408,0.721,Kepler-9,614.0,1.02,0.96,,
Kepler-9 d,0.016518264481,0.146,Kepler-9,614.0,1.02,0.96,,
Kepler-91 b,0.81,1.367,Kepler-91,1344.56,1.31,6.3,K3,
Kepler-92 b,0.202,0.313,Kepler-92,484.62,1.209,1.53,,
Kepler-92 c,0.019,0.232,Kepler-92,484.62,1.209,1.53,,
Kepler-93 b,0.0143,0.14,Kepler-93,96.18,1.09,0.98,,
Kepler-94 b,0.034,0.313,Kepler-94,192.97,0.81,0.76,M0 V,
Kepler-95 b,0.041,0.305,Kepler-95,451.38,1.08,1.41,,
Kepler-96 b,0.027,0.238,Kepler-96,123.32,1.0,1.02,,
Kepler-97 b,0.011,0.132,Kepler-97,405.58,0.94,0.98,G0V,
Kepler-98 b,0.011,0.178,Kepler-98,353.87,0.99,1.11,,
Kepler-99 b,0.019,0.132,Kepler-99,209.63,0.79,0.73,,
L 168-9 b,0.0145,0.124,L 168-9,25.15,0.62,0.6,M1V,
L 98-59 b,0.0013,0.0758,L 98-59,10.623,0.32,0.291,,
L 98-59 c,0.00698,0.12356,L 98-59,10.623,0.32,0.291,,
L 98-59 d,0.0061,0.1357,L 98-59,10.623,0.32,0.291,,
LHS 1140 b,0.02196,0.15407,LHS 1140,12.47,0.146,0.186,M4.5,
LHS 1140 c,0.00569,0.11437,LHS 1140,12.47,0.146,0.186,M4.5,
LHS 1478 b,0.00733,0.1106,LHS 1478,18.21,0.236,0.246,M3.5V,
LHS 1678 b,0.00019,0.06209,LHS 1678,19.89,0.345,0.329,M2V,
LHS 1678 c,0.00123,0.08761,LHS 1678,19.89,0.345,0.329,M2V,
LHS 1815 b,0.0132,0.09707,LHS 1815,29.87,0.502,0.501,,
LHS 475 b,0.00308,0.0883,LHS 475,12.481,0.262,0.2789,M3.5V,
LP 714-47 b,0.0969,0.419,LP 714-47,52.7,0.59,0.584,M0V,
LP 791-18 c,0.0223,0.2061,LP 791-18,26.493,0.139,0.17,M6V,
LP 791-18 d,0.0028,0.0919,LP 791-18,26.493,0.139,0.17,M6V,
LP 890-9 b,0.0415,0.1178,LP 890-9,32.33,0.118,0.1556,,
LP 890-9 c,0.0796,0.12196,LP 890-9,32.33,0.118,0.1556,,
LTT 1445A b,0.00903,0.11643,LTT 1445A,6.9,0.256,0.27,M,
LTT 1445A c,0.00485,0.10233,LTT 1445A,6.9,0.256,0.27,M,
LTT 3780 b,0.00982,0.11883,LTT 3780.00,21.981,0.401,0.374,M4V,
LTT 3780 c,0.0267,0.205,LTT 3780.00,21.981,0.401,0.374,M4V,
LTT 9779 b,0.09225,0.4211,LTT 9779.00,80.6,1.0,0.92,G8,
Lupus-TR-3 b,0.81,0.89,Lupus-TR-3,,0.87,0.82,K1V,
MOA-2007-BLG-192L b,0.01,,MOA-2007-BLG-192L,700.0,0.06,,M,
MOA-2008-BLG-310L b,0.233,,MOA-2008-BLG-310L,6000.0,0.67,,,
MOA-2009-BLG-266L b,0.0327,,MOA-2009-BLG-266L,3040.0,0.56,,,
MOA-2009-BLG-319L b,0.208,,MOA-2009-BLG-319,6100.0,0.38,,K,
MOA-2010-BLG-117 b,0.51,,MOA-2010-BLG-117,3400.0,0.58,,,
MOA-2010-BLG-328L b,0.029,,MOA-2010-BLG-328L,810.0,0.11,,M,
MOA-2010-BLG-353L b,0.27,,MOA-2010-BLG-353L,6430.0,0.18,,M,
MOA-2011-BLG-028L b,0.094,,MOA-2011-BLGL-028L,7380.0,0.75,,,
MOA-2011-BLG-262L b,0.0566340496492,,MOA-2011-BLG-262L,7350.0,0.12,,,
MOA-2011-BLG-274 b,0.8,,MOA-2011-BLG-274,800.0,,,,
MOA-2011-BLG-291 b,0.085,,MOA-2011-BLG-291,7000.0,0.22,,,
MOA-2013-BLG-605L b,0.066,,MOA-2013-BLG-605L,3600.0,0.19,,,
MOA-2015-BLG-337 b,0.106,,,7100.0,,,,
MOA-2016-BLG-319L b,0.62,,MOA-2016-BLG-319L,6800.0,0.15,,,
MOA-2016-BLG-532 b,0.41,,MOA-2016-BLG-532,,,,,
MOA-2020-BLG-135 b,0.0356,,MOA-2020-BLG-135,7900.0,0.23,,,
MOA-2020-BLG-208 b,0.2168,,MOA-2020-BLG-208,7490.0,0.656,,,
MOA-2022-BLG-249L b,0.0152,,MOA-2022-BLG-249L,2000.0,0.18,,,
MOA-9y-5919,0.00176,,,5220.0,,,,
MOA-9y-770,0.0702,,,6950.0,,,,
MOA-bin-29 b,0.55,,MOA-bin-29,6900.0,6.5,,,
NGTS-1 b,0.812,1.33,NGTS-1,224.0,0.617,0.573,M05,
NGTS-11 b,0.37,0.823,NGTS-11,191.5,0.862,0.832,,
NGTS-12 b,0.208,1.048,NGTS-12,452.0,1.021,1.589,,
NGTS-14A b,0.092,0.44,NGTS-14A,325.1,0.898,0.842,K1V,
NGTS-15 b,0.751,1.1,NGTS-15,791.0,0.995,0.954,G6V,
NGTS-16 b,0.667,1.3,NGTS-16,892.0,1.002,1.213,G7V,
NGTS-17 b,0.764,1.24,NGTS-17,1047.0,1.025,1.337,G4V,
NGTS-18 b,0.409,1.21,NGTS-18,1108.0,1.003,1.392,G5V,
NGTS-2 b,0.67,1.536,NGTS-2,360.3,1.64,1.702,F5V,
NGTS-23 b,0.613,1.267,NGTS-23,991.0,1.01,1.24,F9V,
NGTS-24 b,0.52,1.214,NGTS-24,723.0,1.26,1.64,G2IV,
NGTS-25 b,0.639,1.023,NGTS-25,517.0,0.91,0.86,KOV,
NGTS-4 b,0.0648,0.2837,NGTS-4,282.6,0.75,0.84,,
NGTS-5 b,0.229,1.136,NGTS-5,309.5,0.661,0.739,K2V,
NGTS-8 b,0.93,1.09,NGTS-8,434.273,0.89,0.98,KOV,
OGLE-2005-169L b,0.0444,,OGLE-2005-169L,4100.0,0.69,,K5,
OGLE-2005-390L b,0.017,,OGLE-2005-390L,6500.0,0.22,,M,
OGLE-2006-109L b,0.727,,OGLE-2006-109L,1510.0,0.51,,,
OGLE-2006-109L c,0.271,,OGLE-2006-109L,1510.0,0.51,,,
OGLE-2006-BLG-284 b,0.453,,OGLE-2006-BLG-284,4000.0,0.45,,,
OGLE-2007-BLG-349L (AB) b,0.25,,OGLE-2007-BLG-349L (AB),2760.0,0.71,,,
OGLE-2007-BLG-368L b,0.0694,,OGLE-2007-BLG-368L,5900.0,0.64,,,
OGLE-2008-BLG-092L A b,0.18,,OGLE-2008-BLG-092L A,7000.0,0.71,,,
OGLE-2011-BLG-0173L b,0.19,,OGLE-2011-BLG-0173L,6200.0,0.4,,,
OGLE-2011-BLG-0251L b,0.96,,OGLE-2011-BLG-0251L,4090.0,0.47,,,
OGLE-2011-BLG-0265L b,0.88,,OGLE-2011-BLG-0265L,4380.0,0.211,,,
OGLE-2012-BLG-0026L b,0.11,,OGLE-2012-BLG-0026L,4080.0,0.82,,,
OGLE-2012-BLG-0026L c,0.68,,OGLE-2012-BLG-0026L,4080.0,0.82,,,
OGLE-2012-BLG-0563L b,0.39,,OGLE-2012-BLG-0563L,1300.0,0.34,,,
OGLE-2012-BLG-0724L b,0.47,,OGLE-2012-BLG-0724L,6700.0,0.29,,M,
OGLE-2012-BLG-0838 b,0.25,,OGLE-2012-BLG-0838,6620.0,0.54,,,
OGLE-2012-BLG-0950L b,0.11,,OGLE-2012-BLG-0950L,3000.0,0.56,,M,
OGLE-2012-BLG-1323,0.0072,,,,,,,
OGLE-2013-BLG-0132L b,0.29,,OGLE-2013-BLG-0132L,3900.0,0.54,,,
OGLE-2013-BLG-0341L b,0.00522291791209,,OGLE-2013-BLG-0341L,911.0,0.1127,,,
OGLE-2013-BLG-1721L b,0.64,,OGLE-2013-BLG-1721L,6300.0,0.46,,,
OGLE-2014-BLG-0124L b,0.64,,OGLE-2014-BLG-0124L,3600.0,0.89,,,
OGLE-2014-BLG-0319 b,0.57,,OGLE-2014-BLG-0319,7730.0,0.52,,,
OGLE-2014-BLG-1186L b,0.142,,OGLE-2014-BLG-1186L,1700.0,0.35,,,
OGLE-2014-BLG-1722L b,0.174,,OGLE-2014-BLG-1722L,6400.0,0.4,,,
OGLE-2014-BLG-1722L c,0.2633,,OGLE-2014-BLG-1722L,6400.0,0.4,,,
OGLE-2014-BLG-1760L b,0.573,,OGLE-2014-BLG-1760L,6060.0,0.51,,,
OGLE-2015-BLG-0051L b,0.72,,OGLE-2015-BLG-0051L,8200.0,0.1,,G,
OGLE-2015-BLG-0966L b,0.066,,OGLE-2015-BLG-0966L,2900.0,0.38,,M,
OGLE-2015-BLG-1670L b,0.0563,,OGLE-2015-BLG-1670L,6700.0,0.55,,,
OGLE-2015-BLG-1771L b,0.433,,OGLE-2015-BLG-1771L,7070.0,0.077,,,
OGLE-2016-BLG-1067L b,0.43,,OGLE-2016-BLG-1067L,3730.0,0.3,,M,
OGLE-2016-BLG-1093L b,0.71,,OGLE-2016-BLG-1093L,8120.0,0.48,,,
OGLE-2016-BLG-1195L b,0.0045,,OGLE-2016-BLG-1195L,3910.0,0.078,,,
OGLE-2016-BLG-1227 b,0.79,,OGLE-2016-BLG-1227,1210.0,0.1,,,
OGLE-2016-BLG-1850 b,0.02936,,OGLE-2016-BLG-1850,,,,,
OGLE-2016-BLG-1928,0.0009,,,,,,,
OGLE-2017-BLG-0406 b,0.41,,OGLE-2017-BLG-0406,5200.0,0.56,,,
OGLE-2017-BLG-0604 b,0.51,,OGLE-2017-BLG-0604,3950.0,0.7,,,
OGLE-2017-BLG-1434L b,0.014,,OGLE-2017-BLG-1434L,860.0,0.23,,M,
OGLE-2017-BLG-1522L b,0.75,,OGLE-2017-BLG-1522L,990.0,0.046,,,
OGLE-2017-BLG-1806 b,0.01658,,OGLE-2017-BLG-1806,6400.0,0.38,,,
OGLE-2018-BLG-0298 b,0.14,,OGLE-2018-BLG-0298,6540.0,0.69,,,
OGLE-2018-BLG-0383 b,0.0201,,OGLE-2018-BLG-0383,7700.0,0.1,,,
OGLE-2018-BLG-0506 b,0.0513,,OGLE-2018-BLG-0506,5600.0,0.63,,,
OGLE-2018-BLG-0516 b,0.0632,,OGLE--2018-BLG-0516,7000.0,0.47,,,
OGLE-2018-BLG-0532 b,0.019636,,OGLE-2018-BLG-0532,790.0,0.199,,,
OGLE-2018-BLG-0567L b,0.32,,OGLE-2018-BLG-0567L,7070.0,0.24,,,
OGLE-2018-BLG-0596 b,0.0267,,OGLE-2018-BLG-0596,5900.0,0.2,,,
OGLE-2018-BLG-0677L b,0.01246,,OGLE-2018-BLG-0677L,7700.0,0.1,,,
OGLE-2018-BLG-0799 b,0.41,,OGLE-2018-BLG-0799,6290.0,0.16,,,
OGLE-2018-BLG-0932 b,0.89,,OGLE-2018-BLG-0932,6620.0,0.72,,,
OGLE-2018-BLG-0977 b,0.0201,,OGLE-2018-BLG-0977,6500.0,0.47,,,
OGLE-2018-BLG-1119 b,0.91,,OGLE-2018-BLG-1119,5760.0,0.48,,,
OGLE-2018-BLG-1126 b,0.056,,OGLE-2018-BLG-1126,5700.0,0.69,,,
OGLE-2018-BLG-1185 b,0.0264,,OGLE-2018-BLG-1185,7400.0,0.37,,,
OGLE-2018-BLG-1212 b,0.2,,OGLE-2018-BLG-1212,1550.0,0.16,,,
OGLE-2018-BLG-1269L b,0.69,,OGLE-2018-BLG-1269L,2560.0,1.13,,,
OGLE-2018-BLG-1367 b,0.95,,OGLE-2018-BLG-1367,5370.0,0.28,,,
OGLE-2018-BLG-1428L b,0.77,,OGLE-2018-BLG-1428L,6220.0,0.43,,,
OGLE-2018-BLG-1647 b,0.97,,OGLE-2018-BLG-1647,,0.092,,,
OGLE-2019-BLG-0304 b,0.51,,OGLE-2019-BLG-0304,6980.0,0.27,,,
OGLE-2019-BLG-0551,0.0242,,,,,,,
OGLE-2019-BLG-0960 b,0.00708,,OGLE-2019-BLG-0960,880.0,0.47,,,
OGLE-2019-BLG-1053L b,0.0078,,OGLE-2019-BLG-1053L,6800.0,0.61,,,
OGLE-2019-BLG-1492 b,0.1167,,OGLE-2019-BLG-1492,5600.0,0.68,,,
OGLE-TR-10 b,0.68,1.72,OGLE-TR-10,1248.0,1.18,1.16,G or K,
OGLE-TR-111 b,0.54,1.077,OGLE-TR-111,1114.0,0.82,0.831,G or K,
OGLE-TR-211 b,0.75,1.26,OGLE-TR-211,1830.0,1.33,1.64,,
PSR 1257+12 b,7E-05,,PSR 1257+12,710.0,,,PSR,
PSR 1257+12 c,0.013,,PSR 1257+12,710.0,,,PSR,
PSR 1257+12 d,0.012,,PSR 1257+12,710.0,,,PSR,
Qatar-10 b,0.736,1.534,Qatar-10,539.0,1.156,1.254,F7V,
Qatar-6 A b,0.668,1.062,Qatar-6 A,101.0,0.822,0.722,K2V,
Qatar-8 b,0.371,1.285,Qatar-8,276.7,1.029,1.315,GOV,
TCP J050742+244755 b,0.06,,TCP J050742+244755,429.0,0.495,,,
TIC 156514476.01,0.02973,,TIC 156514476,,,,,
TIC 365102760 b,0.0604,0.554,TIC 365102760,555.5,1.21,3.23,,
TOI-1052 b,0.0532,0.256,TOI-1052,128.7,1.204,1.264,,
TOI-1062 b,0.032,0.20198,TOI-1062,82.2,0.94,0.84,,
TOI-1064 b,0.0425,0.2308,TOI-1064,68.81,0.748,0.726,,
TOI-1064 c,0.0079,0.23651,TOI-1064,68.81,0.748,0.726,,
TOI-1075 b,0.03131,0.15978,TOI-1075,61.5,0.6,0.58,,
TOI-1130 b,0.06066,0.3176,TOI-1130,58.26,0.684,0.687,K,
TOI-1136 b,0.00947,0.17,TOI-1136,84.536,1.022,0.968,,
TOI-1136 c,0.019,0.25685,TOI-1136,84.536,1.022,0.968,,
TOI-1136 d,0.025,0.4128,TOI-1136,84.536,1.022,0.968,,
TOI-1136 e,0.017,0.23544,TOI-1136,84.536,1.022,0.968,,
TOI-1136 f,0.0261,0.3462,TOI-1136,84.536,1.022,0.968,,
TOI-1136 g,0.0151,0.2257,TOI-1136,84.536,1.022,0.968,,
TOI-1201 b,0.01976,0.21545,TOI-1201,37.636,0.512,0.508,M2V,
TOI-122 b,0.0277,0.2427,TOI-122,62.23,0.312,0.334,,
TOI-1231 b,0.0485,0.3256,TOI-1231,27.4932,0.485,0.476,M3V,
TOI-1235 b,0.0186,0.15113,TOI-1235,39.68,0.63,0.619,M0.5V,
TOI-1238 b,0.01183,0.1079,TOI-1238,70.6424,0.59,0.58,,
TOI-1238 c,0.02618,0.1882,TOI-1238,70.6424,0.59,0.58,,
TOI-1246 b,0.0255,0.2685,TOI-1246,170.7,0.87,0.86,,
TOI-1246 c,0.0277,0.2239,TOI-1246,170.7,0.87,0.86,,
TOI-1246 d,0.0167,0.3131,TOI-1246,170.7,0.87,0.86,,
TOI-1246 e,0.0466,0.3372,TOI-1246,170.7,0.87,0.86,,
TOI-1247 b,0.0179,0.2239,TOI-1247,73.8713,1.02,1.076,,
TOI-125 b,0.0299,0.2432,TOI-125,111.4,0.859,0.848,K0V,
TOI-125 c,0.02086,0.24614,TOI-125,111.4,0.859,0.848,K0V,
TOI-125 d,0.0428,0.2614,TOI-125,111.4,0.859,0.848,K0V,
TOI-1259A b,0.441,1.022,TOI-1259A,118.11,0.68,0.739,,
TOI-1260 b,0.02693,0.215,TOI-1260,73.41,0.66,0.65,K6V,
TOI-1260 c,0.0415,0.2462,TOI-1260,73.41,0.66,0.65,K6V,
TOI-1260 d,0.03725,0.2783,TOI-1260,73.41,0.66,0.65,K6V,
TOI-1266 b,0.05,0.2114,TOI-1266,36.05,0.45,0.42,M2,
TOI-1266 c,0.0201,0.1392,TOI-1266,36.05,0.45,0.42,M2,
TOI-1268 b,0.29,0.82,TOI-1268,110.0,0.96,0.92,K1-K2,
TOI-1272 b,0.0774,0.3693,TOI-1272,,,,,
TOI-1298 b,0.356,0.841,TOI-1298,319.0,1.44,1.412,,
TOI-132 b,0.07183,0.306,TOI-132,164.47,0.97,0.9,G8V,
TOI-1338 b,0.0686,0.5986,TOI-1338,399.0,,3.1,,
TOI-1410 b,0.03338,0.289359,TOI-1410,72.75,0.71,0.78,,
TOI-1411 b,0.0079,0.1213,TOI-1411,32.5,0.59,0.66,K6V,
TOI-1416 b,0.01095,0.1445,TOI-1416,55.044,0.798,0.793,G9V,
TOI-1416 c,0.068,,TOI-1416,55.044,0.798,0.793,G9V,
TOI-1420 b,0.079,1.0608,TOI-1420,201.84,0.987,0.923,,
TOI-1422 b,0.028,0.3533,TOI-1422,154.56,0.981,1.019,G2V,
TOI-1430 b,0.022,0.187,TOI-1430,41.24,0.843,0.789,K2V,
TOI-1442 b,0.005,0.1044,TOI-1442,41.2,0.29,0.31,,
TOI-1444 b,0.01218,0.12463,TOI-1444,125.0,0.934,0.907,,
TOI-1452 b,0.01517,0.14917,TOI-1452,30.5043,0.249,0.275,M4,
TOI-1468 b,0.0101,0.1142,TOI-1468,24.72,0.339,0.344,M3.0V,
TOI-1468 c,0.02089,0.18414,TOI-1468,24.72,0.339,0.344,M3.0V,
TOI-1470 b,0.02303,0.1945,TOI-1470,51.9503,0.471,0.469,,
TOI-1470 c,0.02278,0.2204,TOI-1470,51.9503,0.471,0.469,,
TOI-1471 b,0.031,0.348,TOI-1471,62.29,1.022,0.9662,,
TOI-1471 c,0.0576,0.29824,TOI-1471,62.29,1.022,0.9662,,
TOI-1473 b,0.034,0.2186,TOI-1473,67.6203,1.09,0.99,,
TOI-1478 b,0.847,1.06,TOI-1478,153.0,0.946,1.05,,
TOI-1601 b,0.99,1.239,TOI-1601,336.0,1.517,2.186,,
TOI-1634 b,0.01545,0.1597,TOI-1634,35.274,0.502,0.45,M2,
TOI-1669 b,0.0132,0.214,TOI-1669,111.75,,,G5,
TOI-1670 b,0.0434,0.1838,TOI-1670,165.72,1.21,1.316,,
TOI-1670 c,0.63,0.987,TOI-1670,165.72,1.21,1.316,,
TOI-1680 b,0.01001,0.13079,TOI-1680,,0.18,0.213,M4.5,
TOI-1683 b,0.025,0.205,TOI-1683,,,,,
TOI-1685 b,0.01189,0.152,TOI-1685,37.609,0.495,0.492,M3.0V,
TOI-169 b,0.791,1.086,TOI-169,412.5,1.147,1.288,G1V,
TOI-1693 b,0.0088,0.1258,TOI-1693,30.8,0.49,0.46,,
TOI-1694 b,0.0809,0.48702,TOI-1694,124.2,,,,
TOI-1695 b,0.0182,0.17,TOI-1695,44.99,0.54,0.53,,
TOI-1696 b,0.1787,0.2891,TOI-1696,65.03,0.255,0.2775,,
TOI-1710 b,0.089,0.4764,TOI-1710,81.1376,0.984,0.968,G5V,
TOI-1728 b,0.08426,0.4505,TOI-1728,60.8,0.646,0.6243,,
TOI-1736 b,0.0374,0.2721,TOI-1736,88.9482,1.0,1.408,,
TOI-1749 b,0.06,0.124,TOI-1749,99.56,0.58,0.55,M0V,
TOI-1749 c,0.0066,0.1891,TOI-1749,99.56,0.58,0.55,M0V,
TOI-1749 d,0.0135,0.2248,TOI-1749,99.56,0.58,0.55,M0V,
TOI-1759 b,0.0214,0.273,TOI-1759,40.12,0.61,0.6,M0V,
TOI-178 b,0.00472,0.10278,TOI-178,63.0,0.65,0.651,,
TOI-178 c,0.01501,0.1489,TOI-178,63.0,0.65,0.651,,
TOI-178 d,0.00947,0.22946,TOI-178,63.0,0.65,0.651,,
TOI-178 e,0.01214,0.1969,TOI-178,63.0,0.65,0.651,,
TOI-178 f,0.02429,0.20403,TOI-178,63.0,0.65,0.651,,
TOI-178 g,0.0124,0.256,TOI-178,63.0,0.65,0.651,,
TOI-1789 b,0.7,1.4,TOI-1789,223.55,1.499,2.172,,
TOI-179 b,0.0758,0.2436,TOI-179,38.585,0.807,0.798,,
TOI-1801 b,0.01579,0.1865,TOI-1801,30.68,0.54,0.55,,
TOI-1807 b,0.00714,0.1222,TOI-1807,42.577,0.75,0.68,,
TOI-181 b,0.13,0.6183,TOI-181,96.2338,0.781,0.74,,
TOI-1811 b,0.974,1.0,TOI-1811,128.3,0.819,0.773,,
TOI-1842 b,0.214,1.04,TOI-1842,223.47,1.46,2.02,,
TOI-1853 b,0.040571,0.324465,TOI-1853,165.105,0.82,0.84,,
TOI-1860 b,0.0069,0.1169,TOI-1860,45.9,0.99,0.94,G5V,
TOI-1899 b,0.67,0.99,TOI-1899,128.4,0.627,0.607,M0,
TOI-199 b,0.17,0.81,TOI-199,101.7,0.936,0.82,G9V,
TOI-2000 b,0.0324,0.2355,TOI-2000,173.6,1.074,1.113,,
TOI-2000 c,0.2382,0.711,TOI-2000,173.6,1.074,1.113,,
TOI-201 b,0.42,1.0,TOI-201,114.2,1.316,1.317,F6V,
TOI-2018 b,0.0289,0.2025,TOI-2018,28.0,0.66,0.62,,
TOI-2018 c,0.0113,0.1374,TOI-2018,28.0,0.66,0.62,,
TOI-206 b,0.0069,0.116,TOI-206,47.7,0.35,0.35,,
TOI-2081 b,0.016,0.182,TOI-2081,62.31,0.54,0.534,M1,
TOI-2084 b,0.02121,0.2204,TOI-2084,114.29,0.49,0.475,M2,
TOI-2095 b,0.0129,0.1115,TOI-2095,41.917,0.465,0.453,M0.5V,
TOI-2095 c,0.0233,0.1187,TOI-2095,41.917,0.465,0.453,M0.5V,
TOI-2096 b,0.006,0.11089,TOI-2096,48.4809,0.218,0.25,,
TOI-2096 c,0.0145,0.17076,TOI-2096,48.4809,0.218,0.25,,
TOI-2134 b,0.02873,0.24,TOI-2134,22.62,0.69,0.77,,
TOI-2136 b,0.0148,0.1865,TOI-2136,33.36,0.34,0.34,,
TOI-2154 b,0.92,1.453,TOI-2154,296.3,1.233,1.396,,
TOI-2158 b,0.82,0.96,TOI-2158,200.0,1.12,1.41,,
TOI-216 b,0.0558,0.6861,TOI-216,178.89,0.77,0.747,,
TOI-216 c,0.528,0.901,TOI-216,178.89,0.77,0.747,,
TOI-2184 b,0.65,1.017,TOI-2184,,1.53,2.9,,
TOI-2193 b,0.94,1.77,TOI-2193,345.3,1.082,1.248,,
TOI-2194 b,0.0145456,0.177466,TOI-2194,19.5711,0.74,0.681,,
TOI-2196 b,0.082,0.3131,TOI-2196,263.98,1.032,1.043,,
TOI-220 b,0.0428,0.2694,TOI-220,89.0,0.825,0.858,,
TOI-2202 b,0.978,1.0,TOI-2202,235.93,0.823,0.794,K8V,
TOI-2202 c,0.369,,TOI-2202,235.93,0.823,0.794,K8V,
TOI-2207 b,0.64,0.995,TOI-2207,380.6,1.296,1.564,,
TOI-2257 b,0.0179,0.19574,TOI-2257,57.7911,0.33,0.311,M3,
TOI-2260 b,0.011,0.1445,TOI-2260,101.3,0.99,0.94,,
TOI-2285 b,0.0614,0.1552,TOI-2285,42.409,0.454,0.464,,
TOI-2364 b,0.225,0.768,TOI-2364,218.63,0.954,0.886,,
TOI-237 b,0.009,0.1285,TOI-237,38.11,0.179,0.211,,
TOI-2406 b,0.0286,0.2623,TOI-2406,55.6,0.162,0.202,M4V,
TOI-2411 b,0.0123,0.1499,TOI-2411,59.5,0.65,0.68,K5V,
TOI-2421 b,0.333,0.925,TOI-2421,327.3,,1.92,,
TOI-2427 b,0.0129,0.161,TOI-2427,28.5,0.64,0.65,K,
TOI-2443 b,0.02558,0.2471,TOI-2443,23.9258,0.66,0.732,,
TOI-2445 b,0.006,0.1115,TOI-2445,48.6,0.25,0.27,M,
TOI-2459 b,0.02847,0.2632,TOI-2459,36.6113,0.66,0.675,,
TOI-2498 b,0.10893,0.5406,TOI-2498,277.0,1.12,1.26,,
TOI-2525 b,0.084,0.774,TOI-2525,395.398,0.849,0.785,K8V,
TOI-2525 c,0.657,0.904,TOI-2525,395.398,0.849,0.785,K8V,
TOI-2567 b,0.201,0.975,TOI-2567,518.4,,1.83,,
TOI-257 b,0.134,0.626,TOI-257,77.07,1.389,1.926,F8/G0V,
TOI-2570 b,0.82,1.217,TOI-2570,361.7,,1.35,,
TOI-2583 b,0.25,1.29,TOI-2583A,561.2,1.215,1.477,,
TOI-2587 b,0.218,1.077,TOI-2587,381.0,1.15,1.726,,
TOI-2641 b,0.366,1.615,TOI-2641,,,,F9V,
TOI-266 b,0.0245,0.2284,TOI-266,101.694,1.04,0.92,,
TOI-2669 b,0.61,1.76,TOI-2669,,1.19,4.1,,
TOI-269 b,0.0277,0.2471,TOI-269,57.023,0.3917,0.398,M2V,
TOI-270 b,0.006,0.11125,TOI-270,22.453,0.4,0.38,M3.0V,
TOI-270 c,0.0208,0.2159,TOI-270,22.453,0.4,0.38,M3.0V,
TOI-270 d,0.017,0.19,TOI-270,22.453,0.4,0.38,M3.0V,
TOI-277 b,0.0308,0.27612,TOI-277,64.67,0.52,0.523,,
TOI-2796 b,0.44,1.59,TOI-2796,352.4,1.063,1.069,,
TOI-2803 b,0.975,1.616,TOI-2803,501.1,1.118,1.245,,
TOI-2818 b,0.71,1.363,TOI-2818,315.0,0.977,1.229,,
TOI-2842 b,0.37,1.146,TOI-2842,460.2,1.135,1.265,,
TOI-3023 b,0.62,1.466,TOI-3023,392.8,1.12,1.668,,
TOI-3082 b,0.0410483,0.326713,TOI-3082,113.048,0.664,0.68,,
TOI-3235 b,0.665,1.017,TOI-3235,72.5,0.3939,0.3697,,
TOI-332 b,0.18,0.285,TOI-332,222.85,0.88,0.87,K0V,
TOI-3629 b,0.26,0.74,TOI-3629,129.7,0.63,0.6,,
TOI-3688 b,0.98,1.167,TOI-3688,401.0,1.2,1.302,,
TOI-3714 b,0.689,0.994,TOI-3714,112.5,0.53,0.51,,
TOI-3757 b,0.2684,1.07,TOI-3757,177.4,0.64,0.62,,
TOI-3785 b,0.04704,0.4586,TOI-3785,79.4,0.52,0.5,,
TOI-3884 b,0.0519,0.5629,TOI-3884,43.338,0.2813,0.3043,,
TOI-3912 b,0.406,1.274,TOI-3912,470.0,1.088,1.392,,
TOI-3976 b,0.175,1.095,TOI-3976,522.2,1.254,1.501,,
TOI-3984 Ab,0.138,0.71,TOI-3984 A,,,,,
TOI-4010 b,0.035,0.2694,TOI-4010,176.5,0.88,0.83,,
TOI-4010 c,0.0639,0.529,TOI-4010,176.5,0.88,0.83,,
TOI-4010 d,0.12003,0.5513,TOI-4010,176.5,0.88,0.83,,
TOI-402 b,0.0227,0.1516,TOI-402,44.86,0.851,0.839,,
TOI-402 c,0.02766,0.225,TOI-402,44.86,0.851,0.839,,
TOI-4087 b,0.73,1.164,TOI-4087,310.4,1.178,1.112,,
TOI-4138 b,0.67,1.49,TOI-4138,507.0,1.32,1.82,,
TOI-4145 b,0.43,1.187,TOI-4145,205.0,0.905,0.859,,
TOI-421 b,0.05107,0.4612,TOI-421,,,,,
TOI-421 c,0.02218,0.2427,TOI-421,,,,,
TOI-4308 b,0.02029,0.2159,TOI-4308,108.932,0.9,0.79,,
TOI-431 b,0.00966,0.1142,TOI-431,32.61,0.78,0.731,,
TOI-431 d,0.0311,0.2935,TOI-431,32.61,0.78,0.731,,
TOI-4329 b,0.45,1.5,TOI-4329,,1.538,2.31,,
TOI-4406 b,0.3,1.0,TOI-4406,,,,,
TOI-4463 b,0.794,1.183,TOI-4463,177.64,1.056,1.062,,
TOI-4479 b,0.0261,0.2516,TOI-4479,80.6,0.452,0.451,M3,
TOI-4481 b,0.006,0.11874,TOI-4481,12.0641,0.413,0.4144,M1.5V,
TOI-4582 b,0.53,0.94,TOI-4582,,1.34,2.5,,
TOI-469 b,0.0302,0.3105,TOI-469,68.192,0.91,1.0,,
TOI-469 d,0.016,0.1222,TOI-469,68.192,0.91,1.0,,
TOI-4860 b,0.67,0.756,TOI-4860,80.0,0.335,0.348,M4.5,
TOI-500 b,0.005,0.1035,TOI-500,47.4,0.88,0.75,,
TOI-519 b,0.525,1.059,TOI-519,115.93,0.369,0.373,M3.5,
TOI-5293 Ab,0.54,1.06,TOI-5293 A,,,,,
TOI-530 b,0.4,0.83,TOI-530,147.7,0.53,0.54,,
TOI-532 b,0.1935,0.5192,TOI-532,134.61,0.639,0.612,,
TOI-5344 b,0.412,0.946,TOI-5344,136.88,0.612,0.588,,
TOI-544 b,0.016,0.1811,TOI-544,41.1,0.85,0.66,,
TOI-554 b,0.0267,0.2337,TOI-554,45.6181,1.24,1.43,,
TOI-554 c,0.0129,0.134,TOI-554,45.6181,1.24,1.43,,
TOI-561 b,0.00705,0.1267,TOI-561,86.01,0.805,0.832,,
TOI-561 c,0.0208,0.2596,TOI-561,86.01,0.805,0.832,,
TOI-561 d,0.03823,0.2516,TOI-561,86.01,0.805,0.832,,
TOI-561 e,0.0428,0.2275,TOI-561,86.01,0.805,0.832,,
TOI-5678 b,0.063,0.438,TOI-5678,104.0,0.905,0.938,G7V,
TOI-5803 b,0.03392,0.292018,TOI-5803,84.0126,0.87,0.76,,
TOI-615 b,0.435,1.693,TOI-615,,,,,
TOI-620 b,0.0485,0.3354,TOI-620,33.022,0.577,0.55,M2.5V,
TOI-622 b,0.303,0.824,TOI-622,,,,F6V,
TOI-640 b,0.88,1.771,TOI-640,341.9,1.536,2.082,,
TOI-672 b,0.0759785,0.469305,TOI-672,66.907,0.54,0.544,,
TOI-674 b,0.0739,0.4693,TOI-674,46.16,0.442,0.421,,
TOI-700 b,0.00406,0.08154,TOI-700,31.127,0.416,0.42,M2V,
TOI-700 c,0.0249,0.232,TOI-700,31.127,0.416,0.42,M2V,
TOI-700 d,0.00711,0.09573,TOI-700,31.127,0.416,0.42,M2V,
TOI-712 b,0.0176,0.1828,TOI-712,58.62,0.732,0.674,,
TOI-712 c,0.0274,0.241,TOI-712,58.62,0.732,0.674,,
TOI-712 d,0.0236,0.22072,TOI-712,58.62,0.732,0.674,,
TOI-763 b,0.0308,0.2034,TOI-763,95.39,0.917,0.897,,
TOI-763 c,0.02932,0.2346,TOI-763,95.39,0.917,0.897,,
TOI-776 b,0.01466,0.1633,TOI-776,27.19,0.544,0.538,M1V,
TOI-776 c,0.0192,0.1838,TOI-776,27.19,0.544,0.538,M1V,
TOI-784 b,0.03043,0.1722,TOI-784,64.59,0.91,0.907,,
TOI-824 b,0.058104,0.26104,TOI-824,63.71,0.69,0.68,K4V,
TOI-833 b,0.006,0.1133,TOI-833,41.7,0.61,0.6,M0V,
TOI-836 b,0.01425,0.15202,TOI-836,27.504,0.678,0.665,,
TOI-836 c,0.0302,0.2308,TOI-836,27.504,0.678,0.665,,
TOI-849 b,0.12299,0.30726,TOI-849,225.2,0.929,0.919,G,
TOI-892 b,0.95,1.07,TOI-892,,,,,
TOI-905 b,0.667,1.171,TOI-905,159.4,0.85,1.14,,
TOI-908 b,0.050773,0.28424,TOI-908,175.7,0.95,1.028,G,
TOI-913 b,0.0208,0.2192,TOI-913,65.1769,0.82,0.7325,,
TOI-954 b,0.174,0.852,TOI-954,235.7,1.201,1.892,,
TOI-969 b,0.0286,0.24668,TOI-969,77.83,0.734,0.671,K,
TRAPPIST-1 b,0.0027,0.09689,TRAPPIST-1,12.1,0.08,0.117,M8,
TRAPPIST-1 c,0.00434,0.09421,TRAPPIST-1,12.1,0.08,0.117,M8,
TRAPPIST-1 d,0.0013,0.0689,TRAPPIST-1,12.1,0.08,0.117,M8,
TRAPPIST-1 e,0.002,0.0819,TRAPPIST-1,12.1,0.08,0.117,M8,
TRAPPIST-1 f,0.0021,0.09323,TRAPPIST-1,12.1,0.08,0.117,M8,
TRAPPIST-1 g,0.00422,0.1005,TRAPPIST-1,12.1,0.08,0.117,M8,
TRAPPIST-1 h,0.001041,0.0674,TRAPPIST-1,12.1,0.08,0.117,M8,
TVLM 513-46546 b,0.38,,TVLM 513-46546,10.706,0.08,,M8.5V,
TrES-1 b,0.761,1.099,TrES-1,157.0,0.88,0.85,K0V,
TrES-4 b,0.917,1.706,TrES-4,479.0,1.388,1.798,F,
V1298 Tau b,0.5,0.8877,V1298 Tau,108.5,1.1,1.305,K0-K1.5,
V1298 Tau c,0.0623,0.4675,V1298 Tau,108.5,1.1,1.305,K0-K1.5,
V1298 Tau d,0.113,0.5656,V1298 Tau,108.5,1.1,1.305,K0-K1.5,
V1298 Tau e,0.66,0.848,V1298 Tau,108.5,1.1,1.305,K0-K1.5,
WASP-1 b,0.947,1.514,WASP-1,,1.24,1.382,F7V,
WASP-101 b,0.5,1.41,WASP-101,,1.34,1.29,F6,
WASP-102 b,0.624,1.259,WASP-102,,1.167,1.331,G0,
WASP-107 b,0.12,0.94,WASP-107,,0.69,0.66,K6,
WASP-109 b,0.91,1.443,WASP-109,330.0,1.203,1.346,F4,
WASP-110 b,0.515,1.238,WASP-110,320.0,0.892,0.881,G9,
WASP-112 b,0.88,1.191,WASP-112,450.0,0.807,1.002,G6,
WASP-113 b,0.475,1.409,WASP-113,360.0,1.318,1.608,G1,
WASP-117 b,0.2755,1.021,WASP-117,,1.126,1.17,F9,
WASP-118 b,0.514,1.44,WASP-118,380.53,1.32,1.7,F6,
WASP-123 b,0.92,1.327,WASP-123,,1.207,1.296,G5,
WASP-124 b,0.6,1.24,WASP-124,433.0,1.07,1.02,F9,
WASP-126 b,0.2841,0.96,WASP-126,234.0,1.12,1.27,G2,
WASP-126 c,0.202,,WASP-126,234.0,1.12,1.27,G2,
WASP-127 b,0.18,1.37,WASP-127,,1.08,1.39,G5,
WASP-13 b,0.485,1.365,WASP-13,156.0,,,G1V,
WASP-131 b,0.27,1.22,WASP-131,250.0,1.06,1.53,G0,
WASP-132 b,0.41,0.8966,WASP-132,120.0,0.8,0.74,K4,
WASP-137 b,0.681,1.27,WASP-137,289.0,1.216,1.65,G0,
WASP-139 b,0.117,0.8,WASP-139,230.0,,,K0,
WASP-142 b,0.84,1.53,WASP-142,840.0,1.33,1.64,F8,
WASP-143 b,0.725,1.234,WASP-143,402.0,1.087,1.0,G1,
WASP-144 b,0.44,0.85,WASP-144,,0.81,0.81,K2V,
WASP-145 A b,0.89,0.9,WASP-145 A,,0.76,0.68,K2V,
WASP-147 b,0.275,1.115,WASP-147,426.0,1.044,1.429,G4,
WASP-148 b,0.287,0.756,WASP-148,248.1,1.0,1.03,,
WASP-15 b,0.542,1.428,WASP-15,308.0,1.18,1.477,F7,
WASP-151 b,0.31,1.13,WASP-151,480.0,1.077,1.14,G1,
WASP-153 b,0.39,1.55,WASP-153,430.0,1.336,1.73,G0,
WASP-156 b,0.1303,0.554,WASP-156,140.0,0.842,0.76,K3,
WASP-157 b,0.576,0.998,WASP-157,337.71,1.06,1.1,G2 V,
WASP-159 b,0.55,1.38,WASP-159,,1.41,2.11,F9,
WASP-16 b,0.855,1.008,WASP-16,,1.022,0.946,G3V,
WASP-160 B b,0.281,1.093,WASP-160 B,,0.89,0.872,K0V,
WASP-165 b,0.658,1.26,WASP-165,,1.248,1.75,G6,
WASP-166 b,0.102,0.6155,WASP-166,113.0,1.19,1.22,F9,
WASP-168 b,0.42,1.5,WASP-168,,1.08,1.12,F9V,
WASP-169 b,0.561,1.304,WASP-169,638.0,1.337,2.011,,
WASP-17 b,0.486,1.991,WASP-17,,1.2,1.38,F4,
WASP-172 b,0.47,1.57,WASP-172,,1.49,1.91,F1V,
WASP-174 b,0.33,1.437,WASP-174,,1.28,,F6V,
WASP-175 b,0.99,1.208,WASP-175,584.0,1.212,1.204,,
WASP-176 b,0.855,1.505,WASP-176,578.0,1.27,1.945,,
WASP-177 b,0.508,1.58,WASP-177,178.0,0.876,0.885,K2,
WASP-18 c,0.1737,,WASP-18,100.0,1.24,1.23,F6,
WASP-180 A b,0.8,1.29,WASP-180 A,255.8,1.3,1.19,F7 V-V,
WASP-181 b,0.299,1.184,WASP-181,443.0,1.04,0.965,G2,
WASP-182 b,0.148,0.85,WASP-182,331.0,1.076,1.34,,
WASP-183 b,0.502,1.47,WASP-183,328.0,0.784,0.871,G9/K0,
WASP-184 b,0.57,1.33,WASP-184,640.0,1.23,1.65,G0,
WASP-185 b,0.98,1.25,WASP-185,,,,G0,
WASP-187 b,0.8,1.64,WASP-187,376.0,1.54,2.83,,
WASP-193 b,0.139,1.464,WASP-193,377.72,1.12,1.225,,
WASP-2 A b,0.847,1.079,WASP-2 A,144.0,0.84,0.834,K1V,
WASP-20 A b,0.313,1.459,WASP-20 A,210.0,1.202,1.392,,
WASP-21 b,0.3,1.21,WASP-21,230.0,1.01,1.06,G3V,
WASP-22 b,0.617,1.199,WASP-22,300.0,1.1,1.13,,
WASP-23 b,0.884,0.962,WASP-23,,0.78,0.765,K1V,
WASP-25 b,0.58,1.26,WASP-25,169.0,1.0,0.95,G4,
WASP-28 b,0.907,1.213,WASP-28,410.0,1.021,1.094,F8-G0,
WASP-29 b,0.243,0.775,WASP-29,80.0,0.825,0.846,K4V,
WASP-31 b,0.478,1.537,WASP-31,400.0,1.16,1.24,F,
WASP-34 b,0.59,1.22,WASP-34,120.0,1.01,0.93,G5,
WASP-35 b,0.72,1.32,WASP-35,,,,,
WASP-39 b,0.28,1.27,WASP-39,230.0,0.93,0.895,G8,
WASP-41 b,0.94,1.18,WASP-41,180.0,0.95,1.01,G8V,
WASP-42 b,0.5,1.08,WASP-42,,,,,
WASP-44 b,0.889,1.14,WASP-44,,0.951,0.927,G8V,
WASP-47 d,0.04122,0.319,WASP-47,266.69,1.04,1.14,G9V,
WASP-47 e,0.02149,0.161,WASP-47,266.69,1.04,1.14,G9V,
WASP-48 b,0.98,1.67,WASP-48,,1.19,1.75,,
WASP-49 A b,0.378,1.115,WASP-49 A,170.0,0.94,0.9,,
WASP-52 b,0.46,1.27,WASP-52,140.0,0.87,0.79,K2V,
WASP-54 b,0.6,1.4,WASP-54,,,,,
WASP-55 b,0.61,1.33,WASP-55,299.97,1.11,1.09,G1,
WASP-56 b,0.6,1.2,WASP-56,,,,,
WASP-57 b,0.8,1.1,WASP-57,,,,G6,
WASP-58 b,0.89,1.37,WASP-58,300.0,0.94,1.17,G2V,
WASP-59 b,0.863,0.775,WASP-59,125.0,0.719,0.613,K5V,
WASP-6 b,0.503,1.224,WASP-6,307.0,0.888,0.87,G8,
WASP-60 b,0.5,0.9,WASP-60,400.0,1.078,1.14,G1V,
WASP-62 b,0.57,1.39,WASP-62,160.0,1.25,1.28,F7,
WASP-63 b,0.38,1.43,WASP-63,330.0,1.32,1.88,G8,
WASP-67 b,0.42,1.4,WASP-67,225.0,0.87,0.87,K0V,
WASP-68 b,0.95,1.24,WASP-68,,,,G2,
WASP-69 b,0.26,1.057,WASP-69,50.0,0.826,0.813,K5,
WASP-7 b,0.96,1.33,WASP-7,140.0,1.276,1.432,F5V,
WASP-70 A b,0.59,1.164,WASP-70 A,245.0,1.106,1.215,G4,
WASP-74 b,0.826,1.248,WASP-74,120.0,1.48,1.64,F9,
WASP-76 b,0.92,1.83,WASP-76,195.3,1.46,1.73,F7,
WASP-78 b,0.89,1.7,WASP-78,550.0,2.02,2.31,F8,
WASP-79 b,0.9,1.7,WASP-79,240.0,1.56,1.64,F3,
WASP-80 b,0.554,0.952,WASP-80,60.0,0.58,0.63,K7V,
WASP-81 b,0.729,1.429,WASP-81,410.0,1.08,1.283,G1,
WASP-83 b,0.3,1.04,WASP-83,300.0,1.11,1.05,G8,
WASP-84 b,0.692,0.9564,WASP-84,120.0,0.842,0.748,K0,
WASP-84 c,0.0478,0.174,WASP-84,120.0,0.842,0.748,K0,
WASP-88 b,0.56,1.7,WASP-88,,1.45,2.08,F6,
WASP-90 b,0.63,1.63,WASP-90,340.0,1.55,1.98,F6,
WASP-92 b,0.805,1.461,WASP-92,530.0,1.19,1.341,F7,
WASP-94 A b,0.452,1.72,WASP-94 A,,1.29,1.36,F8,
WASP-96 b,0.48,1.2,WASP-96,,1.06,1.05,G8,
WASP-98 b,0.83,1.1,WASP-98,,0.69,0.7,G7,
WD 1145+017 b,2.1E-06,,WD 1145+017,174.0,,,WD,
Wendelstein-1 b,0.59,1.0,Wendelstein-1,304.0,0.65,0.61,,
Wendelstein-2 b,0.73,1.0,Wendelstein-2,575.0,0.73,0.66,,
Wolf 503 b,0.0197,0.18227,Wolf 503,44.583,0.688,0.69,K3.5V,
XO-1 b,0.9,1.184,XO-1,200.0,1.0,0.928,G1V,
XO-2N b,0.62,0.973,XO-2N,149.0,0.98,0.964,K0V,
XO-7 b,0.709,1.373,XO-7,234.1,1.405,1.48,GOV,
eps Eridani b,0.76,,eps Eridani,3.2,0.83,0.895,K2 V,
pi Men c,0.01142,0.16719,pi Men,18.37,1.094,1.1,G0V,
ups And b,0.62,,ups And,13.47,1.27,1.631,F8 V,